recordnummer,oorspronkelijke_bestandsnaam
10,1000311034
11,0001515880
12,0001526272
20,1001692122
24,1001692210
26,1001692240
32,1001692522
33,1001692523
34,1001692524
35,1001692525
36,1001692526
37,1001692530
38,1001692531
39,1001692532
40,1001692533
41,1001692536
42,1001692537
43,1001692538
44,1001692539
45,1001692540
46,1001692541
47,1001692542
48,1001692588
49,1001692589
50,1001692594
51,1001692595
52,1001692597
9105742,0000122895
9119567,0000135867
9119568,0000135868
9136657,0000151710
9137357,0000152508
9137889,0000153046
9146162,0000161775
9147846,0000163555
9147847,0000163556
9148151,0000163860
9164382,0000178795
9164633,0000179046
9164702,0000179115
9174424,0000187172
9190106,0000210344
9195329,0000214221
9195331,0000214223
9195332,0000214224
9195334,0000214226
9195335,0000214227
9197131,0000216137
9197707,0000216719
9197708,0000216720
9199054,0000251835
9199064,0000251845
9200630,0000253429
9200631,0000253430
9200633,0000253432
9200634,0000253433
9200635,0000253434
9200637,0000253436
9200638,0000253437
9200641,0000253440
9200645,0000253444
9200646,0000253445
9200647,0000253446
9200656,0000253455
9200657,0000253456
9200658,0000253457
9201968,0000254893
9201969,0000254894
9204165,0000257117
9204169,0000257121
9204178,0000257130
9206925,0000259983
9215371,0000026035
9221426,0000271100
9221427,0000271101
9222076,0000271756
9222094,0000271774
9222095,0000271775
9222096,0000271776
9222225,0000271907
9222226,0000271908
9222227,0000271909
9222228,0000271910
9222247,0000271929
9222258,0000271940
9223396,0000273101
9223398,0000273103
9223401,0000273106
9230810,0000280733
9234797,0000287426
9234799,0000287428
9234800,0000287429
9234801,0000287430
9235568,0000288234
9235571,0000288237
9236224,0000288941
9236225,0000288942
9240698,0000291455
9241131,0000291894
9241188,0000291953
9241189,0000291954
9242744,0000293523
9242745,0000293524
9242746,0000293525
9242747,0000293526
9242752,0000293531
9242756,0000293535
9242757,0000293536
9242758,0000293537
9242759,0000293538
9242760,0000293539
9242761,0000293540
9242762,0000293541
9242763,0000293542
9242765,0000293544
9242776,0000293555
9242777,0000293556
9242780,0000293559
9242781,0000293560
9242782,0000293561
9242783,0000293562
9242784,0000293563
9242785,0000293564
9242786,0000293565
9242787,0000293566
9242788,0000293567
9242789,0000293568
9242790,0000293569
9242791,0000293570
9242794,0000293573
9242795,0000293574
9242796,0000293575
9242797,0000293576
9242816,0000293595
9242817,0000293596
9242818,0000293597
9242819,0000293598
9243249,0000294028
9243250,0000294029
9270052,0000318831
9270542,0000319321
9273125,0000321957
9274312,0000323152
9274313,0000323153
9274352,0000323194
9275412,0000324858
9289384,0000336862
9289550,0000337034
9289558,0000337042
9289561,0000337045
9289574,0000337058
9291145,0000338677
9291146,0000338678
9291147,0000338679
9291150,0000338682
9292360,0000339900
9295253,0000342878
9295254,0000342879
9295255,0000342880
9295256,0000342881
9295257,0000342882
9303652,0000353370
9303657,0000353375
9303692,0000353410
9305360,0000036035
9307934,0000355706
9321395,0000370121
9321397,0000370123
9321404,0000370130
9321430,0000370156
9321431,0000370157
9321435,0000370161
9321436,0000370162
9321876,0000370602
9323308,0000372038
9323376,0000372106
9331761,0000379329
9333591,0000381262
9333908,0000381581
9333996,0000381676
9334423,0000382113
9334801,0000382500
9335386,0000383090
9335739,0000383843
9570324,0000063085
9635909,0000069043
9880880,0000094235
9880881,0000094236
9904640,0000095995
9904644,0000095999
9905055,0000096410
9925130,0000096485
9925132,0000096487
9925448,0000096803
9947123,0000098497
10204970,0001240003
10204971,0001240004
10204984,0001240017
10205061,0001240095
10205144,0001240182
10205234,0001240274
10205395,0001240437
10205683,0001240730
10291795,0001330249
10291832,0001330288
10291833,0001330289
10291834,0001330290
10291835,0001330291
10291836,0001330292
10291870,0001330327
10291994,0001330457
10302062,0001342613
10302089,0001342640
10302091,0001342642
10302092,0001342643
10302093,0001342644
10302094,0001342645
10302096,0001342647
10302097,0001342648
10302098,0001342649
10302100,0001342651
10302103,0001342654
10302104,0001342655
10302105,0001342656
10302106,0001342657
10302108,0001342659
10302109,0001342660
10302110,0001342661
10302141,0001342693
10304690,0001345676
10304691,0001345677
10304699,0001345685
10348651,0001390421
10348652,0001390422
10348654,0001390424
10348660,0001390430
10348661,0001390431
10348671,0001390442
10348701,0001390472
10348710,0001390481
10349114,0001390916
10349143,0001390968
10352887,0001394757
10352888,0001394758
10352903,0001394773
10389002,0001478997
10389170,0001479183
10389309,0001479365
10389371,0001479450
10389372,0001479451
10389389,0001479472
10389455,0001479554
10389471,0001479570
10389504,0001479611
10389589,0001479731
10389590,0001479732
10389671,0001479821
10389768,0001479937
10389807,0001479979
10389933,0001480124
10389958,0001480150
10390007,0001480201
10390116,0001480323
10390195,0001480408
10390384,0001480618
10390386,0001480620
10399625,0001493421
10400060,0001493966
10405310,0001504199
10405798,0001505993
10405881,0001506113
10418150,0001526334
10463748,0001583445
10464077,0001583780
10464094,0001583797
10564369,0001688453
10564371,0001688455
10564373,0001688457
10632527,1000279449
10632542,1000279468
10632545,1000279471
10632546,1000279472
10632547,1000279473
10632550,1000279476
10632567,1000279493
10632568,1000279494
10633395,1000311657
10633396,1000311658
10635890,1000314473
10635891,1000314475
10636327,1001083599
10637642,1001086614
10639799,1001090775
10640308,1001091724
10640510,1001092088
10640612,1001103228
10640628,1001103247
10642047,1001155317
10643558,1001157354
10644649,1001158825
10644652,1001158828
10644653,1001158829
10644654,1001158830
10644869,1001159065
10644885,1001159085
10644909,1001159115
10644910,1001159116
10645536,1001161187
10647759,1001168758
10649310,1001171782
10650128,1001172866
10650301,1001173390
10651675,1001194572
10655438,1001201849
10655439,1001201850
10655800,1001203324
10656895,1001206072
10657423,1001206660
10658967,1001208598
10660862,1001211277
10662314,1001213081
10662315,1001213082
10662316,1001213083
10662317,1001213084
10662318,1001213085
10665685,1001218640
10667082,1001230557
10667625,1001231399
10667626,1001231400
10667654,1001231428
10667656,1001231430
10667707,1001231481
10667713,1001231487
10667911,1001231686
10668126,1001231904
10668140,1001231918
10668141,1001231919
10668149,1001231927
10668168,1001231946
10668171,1001231949
10668273,1001232051
10668386,1001232232
10668408,1001232254
10668415,1001232261
10668426,1001232272
10668502,1001232348
10668582,1001232429
10668607,1001232667
10668631,1001232691
10668632,1001232692
10668634,1001232694
10668659,1001232719
10668683,1001232743
10668878,1001232943
10668954,1001233192
10668955,1001233193
10668956,1001233194
10668957,1001233195
10669099,1001233340
10669101,1001233342
10669181,1001233424
10669322,1001233648
10669323,1001233649
10669324,1001233650
10669503,1001233829
10669515,1001233841
10669516,1001233842
10669708,1001234916
10669709,1001234917
10670066,1001235311
10670167,1001235420
10670218,1001235490
10670220,1001235493
10670221,1001235494
10670330,1001235607
10670334,1001235611
10670336,1001235613
10670449,1001235731
10670500,1001235784
10670506,1001235790
10670533,1001235817
10670553,1001235837
10670588,1001235874
10670647,1001235933
10670775,1001236061
10670795,1001236081
10670850,1001236357
10670875,1001236385
10670876,1001236386
10671078,1001236601
10671272,1001236896
10671273,1001236897
10671276,1001236900
10674021,1001241455
10674023,1001241457
10674027,1001241461
10674029,1001241463
10674038,1001241473
10676242,1001245446
10676773,1001246674
10676775,1001246676
10676792,1001246693
10676797,1001246700
10676799,1001246702
10676802,1001246706
10677713,1001249946
10679853,1001253148
10679854,1001253149
10684275,1001337457
10687784,1001344251
10687792,1001344259
10687843,1001344388
10687857,1001344402
10687953,1001344502
10687974,1001344525
10703629,1001639018
10703927,1001639346
10704856,1001640888
10708429,1001645078
10709382,1001646130
10709529,1001655853
10709530,1001655854
10710814,1001658210
10712456,1001660023
10712457,1001660024
10714247,1001690590
10716449,1001694725
10718696,1001699655
10719678,1001719856
10719727,1001725176
10720578,IB00015244
10720608,IB00015338
10720888,IB00017191
10721134,IB00019109
10721224,IB00019448
10721602,IB00020656
10722012,IB00022680
10722166,IB00023243
10722522,IB00025128
10722569,IB00025272
10722570,IB00025273
10724170,IB00032737
10724173,IB00032745
10725013,IB00036269
10725748,IB00038827
10726933,IB00043571
10726994,IB00043904
10727074,IB00044180
10727161,IB00045068
10727167,IB00045082
10727295,IB00045595
10727749,IB00047136
10729154,IB00057292
10730119,IB00061395
10730120,IB00061396
10730121,IB00061397
10732260,IB00072735
10733816,IB00082444
10737467,IB00095491
10740499,IB00106054
10740556,IB00106124
10740596,IB00106194
10742633,IB00109818
10743096,IB00110630
10743707,IB00112049
10745142,IB00116265
10746045,IB00119169
10746397,IB00119687
10763472,IB01021077
10763473,IB01021078
10763474,IB01021079
10763475,IB01021080
10763476,IB01021081
10763477,IB01021082
10763478,IB01021083
10765407,IB02000267
10765486,IB02000562
10765722,IB02001601
10765807,IB02002017
10765842,IB02002233
10765876,IB02002611
10765911,IB02002851
10765956,IB02003371
10766187,IB02005150
10766448,IB02007479
10766489,IB02008033
10766626,IB02008819
10766694,IB02009535
10768575,IB02013731
10768643,IB02013802
10769066,IB03000279
10771001,noimg00006
10771002,noimg00007
10771003,noimg00008
10771004,noimg00009
10771005,noimg00010
10771006,noimg00011
10771009,noimg00014
10771010,noimg00015
10771026,noimg00031
10771027,noimg00032
10771028,noimg00033
10771032,noimg00037
10771035,noimg00040
10771047,noimg00052
10771048,noimg00053
10771051,noimg00056
10771052,noimg00057
10771053,noimg00058
10771055,noimg00060
10771056,noimg00061
10771058,noimg00063
10771061,noimg00066
10771062,noimg00067
10771067,noimg00072
10771068,noimg00073
10771069,noimg00074
10771072,noimg00077
10771073,noimg00078
10771074,noimg00079
10771075,noimg00080
10771076,noimg00081
10771077,noimg00082
10771078,noimg00083
10771080,noimg00085
10771082,noimg00087
10771083,noimg00088
10771085,noimg00090
10771086,noimg00091
10771087,noimg00092
10771088,noimg00093
10771090,noimg00095
10771091,noimg00096
10771093,noimg00098
10771094,noimg00099
10771095,noimg00100
10771097,noimg00102
10771099,noimg00104
10771102,noimg00107
10771103,noimg00108
10771104,noimg00109
10771106,noimg00111
10771108,noimg00113
10771109,noimg00114
10771113,noimg00118
10771114,noimg00119
10771119,noimg00124
10771120,noimg00125
10771142,noimg00147
10771146,noimg00151
10771147,noimg00152
10771149,noimg00154
10771150,noimg00155
10771164,0000199669
10771165,0000251151
10771166,0000199668
10771170,IB00025945
10771172,0000199686
10771173,0000254704
10771175,0000255247
10786481,IB00116265A
10786626,IB01014053A
10790817,1001246698
10790818,1001246699
10803127,1001340461
10803744,0001533787
10803745,0001533808
10803746,0001533815
10816396,1001727821
10816397,1001727828
10816398,1001727829
10816400,1001727831
10816418,1001727861
10816429,1001727874
10816485,1001727994
10816594,1001728132
10816595,1001728133
10841726,1001753625
10848988,0001785896
10849006,0001785914
10849007,0001785915
10849012,0001785920
10853245,1001765346
10869795,1001782037
10876825,1001789223
10899591,2010899591
10899867,2010899867
10900238,2010900238
10900505,2010900505
10900747,2010900747
10900856,2010900856
10901303,2010901303
10901381,2010901381
10901413,2010901413
10901415,2010901415
10901620,2010901620
10901742,2010901742
10901759,2010901759
10901890,2010901890
10901949,2010901949
10901950,2010901950
10901951,2010901951
10902241,2010902241
10902278,2010902278
10902388,2010902388
10902390,2010902390
10902850,2010902850
10904941,2010904941
10905295,2010905295
10937520,2010937520
10999555,2010999555
11083060,2011083060
11097921,2011097921
11098080,2011098080
11098499,2011098499
11102662,2011102662
11109992,2011109992
11112111,2011112111
11114730,2011114730
11114731,2011114731
11114783,2011114783
11115464,2011115464
11118499,2011118499
11118753,2011118753
11118783,2011118783
11118794,2011118794
11190723,2011190723
11190787,2011190787
11190805,2011190805
11191006,2011191006
11191087,2011191087
