priref,lref,soort,url,personen
265,10727295,photograph,https://media.rkd.nl/iiif/10727295/full/max/0/default.jpg,"[{'nummer': '121890', 'zekerheid': None, 'beschrijving': None, 'status': 'huidig'}]"
1480,11,slide (photo),https://media.rkd.nl/iiif/11/full/max/0/default.jpg,[]
6456,10771051,Documentation Collectie Nederland,https://media.rkd.nl/iiif/10771051/full/max/0/default.jpg,"[{'nummer': '107459', 'zekerheid': None, 'beschrijving': None, 'status': 'huidig'}]"
6457,10771048,Documentation Collectie Nederland,https://media.rkd.nl/iiif/10771048/full/max/0/default.jpg,[]
6883,10816594,digital image,https://media.rkd.nl/iiif/10816594/full/max/0/default.jpg,[]
6883,10816595,digital image,https://media.rkd.nl/iiif/10816595/full/max/0/default.jpg,[]
8116,9295256,BD/Rubenianum,https://media.rkd.nl/iiif/9295256/full/max/0/default.jpg,"[{'nummer': '9815', 'zekerheid': None, 'beschrijving': 'de luitspelende man geheel links', 'status': 'huidig'}]"
8116,9295255,BD/Rubenianum,https://media.rkd.nl/iiif/9295255/full/max/0/default.jpg,"[{'nummer': '9815', 'zekerheid': None, 'beschrijving': 'de luitspelende man geheel links', 'status': 'huidig'}]"
8117,9295253,BD/Rubenianum,https://media.rkd.nl/iiif/9295253/full/max/0/default.jpg,"[{'nummer': '9815', 'zekerheid': None, 'beschrijving': 'de man geheel links, met de luit', 'status': 'huidig'}, {'nummer': '205001', 'zekerheid': None, 'beschrijving': 'de vrouw rechts op de voorgrond', 'status': 'huidig'}, {'nummer': '135643', 'zekerheid': None, 'beschrijving': 'de oude man geheel links in de achtergrond', 'status': 'huidig'}]"
8117,9295254,BD/Rubenianum,https://media.rkd.nl/iiif/9295254/full/max/0/default.jpg,"[{'nummer': '9815', 'zekerheid': None, 'beschrijving': 'de man geheel links, met de luit', 'status': 'huidig'}, {'nummer': '205001', 'zekerheid': None, 'beschrijving': 'de vrouw rechts op de voorgrond', 'status': 'huidig'}, {'nummer': '135643', 'zekerheid': None, 'beschrijving': 'de oude man geheel links in de achtergrond', 'status': 'huidig'}]"
8142,9295257,BD/Rubenianum,https://media.rkd.nl/iiif/9295257/full/max/0/default.jpg,"[{'nummer': '9815', 'zekerheid': None, 'beschrijving': None, 'status': 'huidig'}, {'nummer': '205001', 'zekerheid': None, 'beschrijving': None, 'status': 'huidig'}, {'nummer': '105839', 'zekerheid': None, 'beschrijving': None, 'status': 'huidig'}]"
10258,11190805,digital image,https://media.rkd.nl/iiif/11190805/full/max/0/default.jpg,[]
12789,10389455,unknown,https://media.rkd.nl/iiif/10389455/full/max/0/default.jpg,"[{'nummer': '100139', 'zekerheid': None, 'beschrijving': None, 'status': 'huidig'}]"
13356,11191006,digital image,https://media.rkd.nl/iiif/11191006/full/max/0/default.jpg,[]
13656,10724173,photograph,https://media.rkd.nl/iiif/10724173/full/max/0/default.jpg,"[{'nummer': '121947', 'zekerheid': None, 'beschrijving': None, 'status': 'huidig'}]"
14068,10656895,digital color photograph,https://media.rkd.nl/iiif/10656895/full/max/0/default.jpg,[]
14442,9215371,black and white photograph,https://media.rkd.nl/iiif/9215371/full/max/0/default.jpg,[]
14745,10687843,digital image,https://media.rkd.nl/iiif/10687843/full/max/0/default.jpg,"[{'nummer': '133134', 'zekerheid': None, 'beschrijving': None, 'status': 'huidig'}]"
14784,9335739,black and white photograph,https://media.rkd.nl/iiif/9335739/full/max/0/default.jpg,"[{'nummer': '204854', 'zekerheid': None, 'beschrijving': None, 'status': 'huidig'}]"
15397,9305360,black and white photograph,https://media.rkd.nl/iiif/9305360/full/max/0/default.jpg,"[{'nummer': '135429', 'zekerheid': None, 'beschrijving': None, 'status': 'huidig'}]"
16352,10937520,BD/Digital Collection,https://media.rkd.nl/iiif/10937520/full/max/0/default.jpg,[]
16358,10703629,digital image,https://media.rkd.nl/iiif/10703629/full/max/0/default.jpg,"[{'nummer': '8196', 'zekerheid': 'mogelijk', 'beschrijving': None, 'status': 'huidig'}]"
16673,10727161,photograph,https://media.rkd.nl/iiif/10727161/full/max/0/default.jpg,[]
17041,10724170,photograph,https://media.rkd.nl/iiif/10724170/full/max/0/default.jpg,"[{'nummer': '121888', 'zekerheid': None, 'beschrijving': None, 'status': 'huidig'}]"
18289,11118794,black and white photograph,https://media.rkd.nl/iiif/11118794/full/max/0/default.jpg,[]
24367,10726994,photograph,https://media.rkd.nl/iiif/10726994/full/max/0/default.jpg,"[{'nummer': '121960', 'zekerheid': None, 'beschrijving': None, 'status': 'huidig'}]"
28386,11118753,digital color photograph,https://media.rkd.nl/iiif/11118753/full/max/0/default.jpg,[]
28886,11098080,BD/Digital Collection,https://media.rkd.nl/iiif/11098080/full/max/0/default.jpg,[]
29516,9570324,color reproduction,https://media.rkd.nl/iiif/9570324/full/max/0/default.jpg,"[{'nummer': '113516', 'zekerheid': None, 'beschrijving': None, 'status': 'huidig'}]"
34502,9635909,black and white photograph,https://media.rkd.nl/iiif/9635909/full/max/0/default.jpg,"[{'nummer': '134480', 'zekerheid': None, 'beschrijving': None, 'status': 'huidig'}]"
34502,9200647,black and white photograph,https://media.rkd.nl/iiif/9200647/full/max/0/default.jpg,"[{'nummer': '134480', 'zekerheid': None, 'beschrijving': None, 'status': 'huidig'}]"
34964,10771175,black and white photograph,https://media.rkd.nl/iiif/10771175/full/max/0/default.jpg,"[{'nummer': '122284', 'zekerheid': 'waarschijnlijk', 'beschrijving': None, 'status': 'huidig'}]"
38488,10720578,photograph,https://media.rkd.nl/iiif/10720578/full/max/0/default.jpg,"[{'nummer': '111857', 'zekerheid': None, 'beschrijving': None, 'status': 'huidig'}]"
40412,10727167,photograph,https://media.rkd.nl/iiif/10727167/full/max/0/default.jpg,"[{'nummer': '102042', 'zekerheid': None, 'beschrijving': None, 'status': 'huidig'}]"
40448,10771085,Documentation Collectie Nederland,https://media.rkd.nl/iiif/10771085/full/max/0/default.jpg,"[{'nummer': '203332', 'zekerheid': None, 'beschrijving': None, 'status': 'huidig'}]"
40918,10722522,photograph,https://media.rkd.nl/iiif/10722522/full/max/0/default.jpg,"[{'nummer': '121912', 'zekerheid': 'waarschijnlijk', 'beschrijving': None, 'status': 'huidig'}]"
41216,10816485,BD/Digital Collection,https://media.rkd.nl/iiif/10816485/full/max/0/default.jpg,[]
41561,10730121,photograph,https://media.rkd.nl/iiif/10730121/full/max/0/default.jpg,"[{'nummer': '121909', 'zekerheid': None, 'beschrijving': None, 'status': 'huidig'}]"
42789,10725748,photograph,https://media.rkd.nl/iiif/10725748/full/max/0/default.jpg,"[{'nummer': '121949', 'zekerheid': 'mogelijk', 'beschrijving': None, 'status': 'huidig'}]"
43160,10205234,black and white photograph,https://media.rkd.nl/iiif/10205234/full/max/0/default.jpg,"[{'nummer': '116988', 'zekerheid': None, 'beschrijving': None, 'status': 'huidig'}]"
54301,10389389,unknown,https://media.rkd.nl/iiif/10389389/full/max/0/default.jpg,"[{'nummer': '113131', 'zekerheid': None, 'beschrijving': None, 'status': 'huidig'}]"
55817,11114730,digital image,https://media.rkd.nl/iiif/11114730/full/max/0/default.jpg,[]
55817,11114731,digital image,https://media.rkd.nl/iiif/11114731/full/max/0/default.jpg,[]
60082,10771001,Documentation Collectie Nederland,https://media.rkd.nl/iiif/10771001/full/max/0/default.jpg,[]
60184,10771002,Documentation Collectie Nederland,https://media.rkd.nl/iiif/10771002/full/max/0/default.jpg,[]
60187,10771003,Documentation Collectie Nederland,https://media.rkd.nl/iiif/10771003/full/max/0/default.jpg,[]
60188,10771004,Documentation Collectie Nederland,https://media.rkd.nl/iiif/10771004/full/max/0/default.jpg,[]
60189,10771005,Documentation Collectie Nederland,https://media.rkd.nl/iiif/10771005/full/max/0/default.jpg,[]
60191,10771006,Documentation Collectie Nederland,https://media.rkd.nl/iiif/10771006/full/max/0/default.jpg,[]
60196,10771009,reproduction (derivative object),https://media.rkd.nl/iiif/10771009/full/max/0/default.jpg,[]
60198,10771010,reproduction (derivative object),https://media.rkd.nl/iiif/10771010/full/max/0/default.jpg,[]
60374,10771026,Documentation Collectie Nederland,https://media.rkd.nl/iiif/10771026/full/max/0/default.jpg,"[{'nummer': '206515', 'zekerheid': 'mogelijk', 'beschrijving': None, 'status': 'huidig'}]"
60376,10771027,Documentation Collectie Nederland,https://media.rkd.nl/iiif/10771027/full/max/0/default.jpg,[]
60378,10771028,Documentation Collectie Nederland,https://media.rkd.nl/iiif/10771028/full/max/0/default.jpg,[]
60383,10771032,Documentation Collectie Nederland,https://media.rkd.nl/iiif/10771032/full/max/0/default.jpg,[]
60386,10771035,Documentation Collectie Nederland,https://media.rkd.nl/iiif/10771035/full/max/0/default.jpg,"[{'nummer': '107423', 'zekerheid': None, 'beschrijving': None, 'status': 'huidig'}]"
60398,10771047,Documentation Collectie Nederland,https://media.rkd.nl/iiif/10771047/full/max/0/default.jpg,"[{'nummer': '114130', 'zekerheid': None, 'beschrijving': None, 'status': 'huidig'}]"
60639,10771052,Documentation Collectie Nederland,https://media.rkd.nl/iiif/10771052/full/max/0/default.jpg,"[{'nummer': '107479', 'zekerheid': None, 'beschrijving': None, 'status': 'huidig'}]"
60640,10771053,Documentation Collectie Nederland,https://media.rkd.nl/iiif/10771053/full/max/0/default.jpg,[]
60644,10771055,Documentation Collectie Nederland,https://media.rkd.nl/iiif/10771055/full/max/0/default.jpg,[]
60647,10771056,Documentation Collectie Nederland,https://media.rkd.nl/iiif/10771056/full/max/0/default.jpg,[]
60650,10771058,Documentation Collectie Nederland,https://media.rkd.nl/iiif/10771058/full/max/0/default.jpg,[]
60657,10771061,Documentation Collectie Nederland,https://media.rkd.nl/iiif/10771061/full/max/0/default.jpg,[]
60658,10771062,Documentation Collectie Nederland,https://media.rkd.nl/iiif/10771062/full/max/0/default.jpg,[]
60668,10771067,Documentation Collectie Nederland,https://media.rkd.nl/iiif/10771067/full/max/0/default.jpg,[]
60670,10771068,Documentation Collectie Nederland,https://media.rkd.nl/iiif/10771068/full/max/0/default.jpg,[]
60672,10771069,Documentation Collectie Nederland,https://media.rkd.nl/iiif/10771069/full/max/0/default.jpg,[]
60677,10771072,Documentation Collectie Nederland,https://media.rkd.nl/iiif/10771072/full/max/0/default.jpg,[]
60844,10771073,Documentation Collectie Nederland,https://media.rkd.nl/iiif/10771073/full/max/0/default.jpg,[]
60845,10771074,Documentation Collectie Nederland,https://media.rkd.nl/iiif/10771074/full/max/0/default.jpg,[]
60846,10771075,Documentation Collectie Nederland,https://media.rkd.nl/iiif/10771075/full/max/0/default.jpg,[]
60847,10771076,Documentation Collectie Nederland,https://media.rkd.nl/iiif/10771076/full/max/0/default.jpg,[]
60848,10771077,Documentation Collectie Nederland,https://media.rkd.nl/iiif/10771077/full/max/0/default.jpg,[]
60849,10771078,Documentation Collectie Nederland,https://media.rkd.nl/iiif/10771078/full/max/0/default.jpg,[]
60851,10771080,Documentation Collectie Nederland,https://media.rkd.nl/iiif/10771080/full/max/0/default.jpg,[]
60852,10771082,Documentation Collectie Nederland,https://media.rkd.nl/iiif/10771082/full/max/0/default.jpg,[]
60853,10771083,Documentation Collectie Nederland,https://media.rkd.nl/iiif/10771083/full/max/0/default.jpg,[]
60856,10771086,Documentation Collectie Nederland,https://media.rkd.nl/iiif/10771086/full/max/0/default.jpg,[]
60857,10771087,Documentation Collectie Nederland,https://media.rkd.nl/iiif/10771087/full/max/0/default.jpg,[]
60858,10771088,Documentation Collectie Nederland,https://media.rkd.nl/iiif/10771088/full/max/0/default.jpg,[]
60860,10771090,Documentation Collectie Nederland,https://media.rkd.nl/iiif/10771090/full/max/0/default.jpg,[]
60861,10771091,Documentation Collectie Nederland,https://media.rkd.nl/iiif/10771091/full/max/0/default.jpg,[]
60863,10771093,Documentation Collectie Nederland,https://media.rkd.nl/iiif/10771093/full/max/0/default.jpg,[]
60864,10771094,Documentation Collectie Nederland,https://media.rkd.nl/iiif/10771094/full/max/0/default.jpg,[]
60865,10771095,Documentation Collectie Nederland,https://media.rkd.nl/iiif/10771095/full/max/0/default.jpg,[]
60867,10771097,Documentation Collectie Nederland,https://media.rkd.nl/iiif/10771097/full/max/0/default.jpg,[]
60869,10771099,Documentation Collectie Nederland,https://media.rkd.nl/iiif/10771099/full/max/0/default.jpg,[]
60872,10771102,Documentation Collectie Nederland,https://media.rkd.nl/iiif/10771102/full/max/0/default.jpg,[]
60873,10771103,Documentation Collectie Nederland,https://media.rkd.nl/iiif/10771103/full/max/0/default.jpg,[]
60874,10771104,Documentation Collectie Nederland,https://media.rkd.nl/iiif/10771104/full/max/0/default.jpg,[]
60916,10771106,Documentation Collectie Nederland,https://media.rkd.nl/iiif/10771106/full/max/0/default.jpg,[]
60920,10771108,Documentation Collectie Nederland,https://media.rkd.nl/iiif/10771108/full/max/0/default.jpg,[]
60921,10771109,Documentation Collectie Nederland,https://media.rkd.nl/iiif/10771109/full/max/0/default.jpg,[]
60925,10771113,Documentation Collectie Nederland,https://media.rkd.nl/iiif/10771113/full/max/0/default.jpg,[]
60926,10771114,Documentation Collectie Nederland,https://media.rkd.nl/iiif/10771114/full/max/0/default.jpg,[]
60937,10771119,Documentation Collectie Nederland,https://media.rkd.nl/iiif/10771119/full/max/0/default.jpg,[]
60938,10771120,Documentation Collectie Nederland,https://media.rkd.nl/iiif/10771120/full/max/0/default.jpg,[]
61083,10771142,Documentation Collectie Nederland,https://media.rkd.nl/iiif/10771142/full/max/0/default.jpg,[]
61088,10771146,Documentation Collectie Nederland,https://media.rkd.nl/iiif/10771146/full/max/0/default.jpg,[]
61089,10771147,Documentation Collectie Nederland,https://media.rkd.nl/iiif/10771147/full/max/0/default.jpg,[]
61092,10771149,Documentation Collectie Nederland,https://media.rkd.nl/iiif/10771149/full/max/0/default.jpg,[]
61093,10771150,Documentation Collectie Nederland,https://media.rkd.nl/iiif/10771150/full/max/0/default.jpg,[]
70610,9880880,color photograph,https://media.rkd.nl/iiif/9880880/full/max/0/default.jpg,[]
70610,9880881,color photograph,https://media.rkd.nl/iiif/9880881/full/max/0/default.jpg,[]
103134,9904640,color photograph,https://media.rkd.nl/iiif/9904640/full/max/0/default.jpg,[]
103137,9904644,color photograph,https://media.rkd.nl/iiif/9904644/full/max/0/default.jpg,[]
103461,9905055,color photograph,https://media.rkd.nl/iiif/9905055/full/max/0/default.jpg,[]
103593,9925130,color photograph,https://media.rkd.nl/iiif/9925130/full/max/0/default.jpg,[]
103595,9925132,color photograph,https://media.rkd.nl/iiif/9925132/full/max/0/default.jpg,[]
103842,9925448,color photograph,https://media.rkd.nl/iiif/9925448/full/max/0/default.jpg,[]
110091,9148151,back-side (of image),https://media.rkd.nl/iiif/9148151/full/max/0/default.jpg,[]
115513,9119567,color reproduction,https://media.rkd.nl/iiif/9119567/full/max/0/default.jpg,[]
115513,9119568,color reproduction,https://media.rkd.nl/iiif/9119568/full/max/0/default.jpg,[]
115513,10389002,unknown,https://media.rkd.nl/iiif/10389002/full/max/0/default.jpg,[]
115589,9137357,color photograph,https://media.rkd.nl/iiif/9137357/full/max/0/default.jpg,[]
118190,10746397,BD/RKD/IB,https://media.rkd.nl/iiif/10746397/full/max/0/default.jpg,"[{'nummer': '141950', 'zekerheid': None, 'beschrijving': None, 'status': 'huidig'}]"
123172,10389372,unknown,https://media.rkd.nl/iiif/10389372/full/max/0/default.jpg,"[{'nummer': '103127', 'zekerheid': 'waarschijnlijk', 'beschrijving': None, 'status': 'huidig'}]"
123238,10389371,unknown,https://media.rkd.nl/iiif/10389371/full/max/0/default.jpg,"[{'nummer': '103130', 'zekerheid': 'waarschijnlijk', 'beschrijving': 'Burgemeester van AmsterdamHeer van Mijnden, beide Loosdrechten en Stabroek', 'status': 'huidig'}]"
123811,10389590,unknown,https://media.rkd.nl/iiif/10389590/full/max/0/default.jpg,"[{'nummer': '101989', 'zekerheid': None, 'beschrijving': None, 'status': 'huidig'}]"
123961,10771164,BD/RKD/1808 - IB/XIXD,https://media.rkd.nl/iiif/10771164/full/max/0/default.jpg,"[{'nummer': '109295', 'zekerheid': None, 'beschrijving': None, 'status': 'huidig'}]"
125288,10771166,digital image,https://media.rkd.nl/iiif/10771166/full/max/0/default.jpg,"[{'nummer': '108997', 'zekerheid': None, 'beschrijving': None, 'status': 'huidig'}]"
126527,11109992,black and white photograph,https://media.rkd.nl/iiif/11109992/full/max/0/default.jpg,"[{'nummer': '111312', 'zekerheid': None, 'beschrijving': None, 'status': 'huidig'}]"
126657,10901949,digital image,https://media.rkd.nl/iiif/10901949/full/max/0/default.jpg,"[{'nummer': '113490', 'zekerheid': None, 'beschrijving': None, 'status': 'huidig'}]"
127013,10464077,BD/Digital Collection,https://media.rkd.nl/iiif/10464077/full/max/0/default.jpg,"[{'nummer': '112716', 'zekerheid': None, 'beschrijving': None, 'status': 'huidig'}]"
127396,10726933,reproduction (derivative object),https://media.rkd.nl/iiif/10726933/full/max/0/default.jpg,"[{'nummer': '108319', 'zekerheid': None, 'beschrijving': None, 'status': 'huidig'}]"
127580,9200645,black and white photograph,https://media.rkd.nl/iiif/9200645/full/max/0/default.jpg,"[{'nummer': '113868', 'zekerheid': None, 'beschrijving': 'Lord of Oud- en Nieuw Goudriaan.Orangist (during the republic); pro-government (under King William I), Lawyer in The Hague (1791-1794); pensionary of Dordrecht (1794-1795); unemployed (1791-1807); commissioner of the Verponding in Sliedrecht (from 1807); recipient of Dordrecht (from 1807); secretary of Alblasserwaard (from 1807); member of the provisional board of Dordrecht (from 1813); general commissioner of the Monden van de Maas department (1813-1814); governor of the northern part of Holland (1814-1828); member of the Raad van State in extraordinary service (1814-1815); Minister of Finance (1828-1837).Grand Cross Order of the Netherlands Lion.Source: www.parlement.com (2009).', 'status': 'huidig'}]"
127580,9200646,black and white photograph,https://media.rkd.nl/iiif/9200646/full/max/0/default.jpg,"[{'nummer': '113868', 'zekerheid': None, 'beschrijving': 'Lord of Oud- en Nieuw Goudriaan.Orangist (during the republic); pro-government (under King William I), Lawyer in The Hague (1791-1794); pensionary of Dordrecht (1794-1795); unemployed (1791-1807); commissioner of the Verponding in Sliedrecht (from 1807); recipient of Dordrecht (from 1807); secretary of Alblasserwaard (from 1807); member of the provisional board of Dordrecht (from 1813); general commissioner of the Monden van de Maas department (1813-1814); governor of the northern part of Holland (1814-1828); member of the Raad van State in extraordinary service (1814-1815); Minister of Finance (1828-1837).Grand Cross Order of the Netherlands Lion.Source: www.parlement.com (2009).', 'status': 'huidig'}]"
127730,10727749,black and white photograph,https://media.rkd.nl/iiif/10727749/full/max/0/default.jpg,"[{'nummer': '106215', 'zekerheid': None, 'beschrijving': None, 'status': 'huidig'}]"
129653,10676242,black and white photograph,https://media.rkd.nl/iiif/10676242/full/max/0/default.jpg,[]
129770,10732260,BD/RKD/1830 - IB/XVIIID,https://media.rkd.nl/iiif/10732260/full/max/0/default.jpg,"[{'nummer': '103619', 'zekerheid': None, 'beschrijving': None, 'status': 'huidig'}]"
130721,10733816,black and white photograph,https://media.rkd.nl/iiif/10733816/full/max/0/default.jpg,"[{'nummer': '102578', 'zekerheid': 'mogelijk', 'beschrijving': None, 'status': 'huidig'}]"
131045,10389671,unknown,https://media.rkd.nl/iiif/10389671/full/max/0/default.jpg,"[{'nummer': '106247', 'zekerheid': None, 'beschrijving': None, 'status': 'huidig'}]"
131405,10389958,unknown,https://media.rkd.nl/iiif/10389958/full/max/0/default.jpg,"[{'nummer': '100002', 'zekerheid': None, 'beschrijving': None, 'status': 'huidig'}]"
131585,10389504,unknown,https://media.rkd.nl/iiif/10389504/full/max/0/default.jpg,"[{'nummer': '112907', 'zekerheid': None, 'beschrijving': 'Officier(tak Ressen en Oldenaller)', 'status': 'huidig'}]"
132720,10389170,unknown,https://media.rkd.nl/iiif/10389170/full/max/0/default.jpg,[]
133571,10389589,unknown,https://media.rkd.nl/iiif/10389589/full/max/0/default.jpg,"[{'nummer': '101910', 'zekerheid': None, 'beschrijving': None, 'status': 'huidig'}]"
134178,10389309,unknown,https://media.rkd.nl/iiif/10389309/full/max/0/default.jpg,"[{'nummer': '103586', 'zekerheid': None, 'beschrijving': None, 'status': 'huidig'}]"
134272,10676802,color photograph,https://media.rkd.nl/iiif/10676802/full/max/0/default.jpg,"[{'nummer': '104854', 'zekerheid': None, 'beschrijving': 'Chef defensiestaf(luitenant-)generaal van de landstrijdkrachten', 'status': 'huidig'}, {'nummer': '103168', 'zekerheid': None, 'beschrijving': None, 'status': 'huidig'}, {'nummer': '105689', 'zekerheid': None, 'beschrijving': None, 'status': 'huidig'}, {'nummer': '102186', 'zekerheid': None, 'beschrijving': None, 'status': 'huidig'}, {'nummer': '103756', 'zekerheid': None, 'beschrijving': 'luit.generaalplv. chef defensiestaf', 'status': 'huidig'}, {'nummer': '115074', 'zekerheid': None, 'beschrijving': 'luchtmachtkapitein', 'status': 'huidig'}, {'nummer': '111459', 'zekerheid': None, 'beschrijving': None, 'status': 'huidig'}, {'nummer': '105728', 'zekerheid': None, 'beschrijving': None, 'status': 'huidig'}, {'nummer': '102283', 'zekerheid': None, 'beschrijving': 'majoor cavalerie', 'status': 'huidig'}, {'nummer': '108400', 'zekerheid': None, 'beschrijving': None, 'status': 'huidig'}, {'nummer': '109264', 'zekerheid': None, 'beschrijving': 'Luitenant-kolonelSecretaris van chef defensiestaf', 'status': 'huidig'}, {'nummer': '105323', 'zekerheid': None, 'beschrijving': None, 'status': 'huidig'}]"
134756,10389471,unknown,https://media.rkd.nl/iiif/10389471/full/max/0/default.jpg,"[{'nummer': '110523', 'zekerheid': None, 'beschrijving': None, 'status': 'huidig'}]"
134777,10737467,photograph,https://media.rkd.nl/iiif/10737467/full/max/0/default.jpg,"[{'nummer': '111220', 'zekerheid': None, 'beschrijving': None, 'status': 'huidig'}]"
135832,11097921,digital image,https://media.rkd.nl/iiif/11097921/full/max/0/default.jpg,"[{'nummer': '109176', 'zekerheid': None, 'beschrijving': None, 'status': 'huidig'}]"
136079,9335386,black and white photograph,https://media.rkd.nl/iiif/9335386/full/max/0/default.jpg,[]
136218,10291835,black-and-white reproduction,https://media.rkd.nl/iiif/10291835/full/max/0/default.jpg,"[{'nummer': '104667', 'zekerheid': None, 'beschrijving': ""gemeenteraad Leiden (1950-'53); burgemeester Warffum (1953-'57); Ministerie van Binnenlandse Zaken, hoofd Algemene Zaken publiekrechtelijke bedrijfsorganisatie (1957-1959); gemeenteraad Den Haag (1958-'61); lid Tweede Kamer (1959-'71); burgemeester Wassenaar (1961-'71); fractievoorzitter VVD (1963-'66); vice-fractievoorzitter VVD (1966-'69); fractievoorzitter, fractieleider en lijsttrekker  VVD (1969-'71); minister van Binnenlandse Zaken en vice-premier kabinet-Biesheuvel I en II (1971-1973), tevens coordinator aangelegenheden van Suriname en de Nederlandse Antillen; lid Tweede Kamer (1973); Commissaris van de Koningin (Gelderland) (1973-1983); zetel Eerste Kamer der Staten-Generaal (1983-1987)"", 'status': 'huidig'}]"
136912,10291836,black and white photograph,https://media.rkd.nl/iiif/10291836/full/max/0/default.jpg,"[{'nummer': '100038', 'zekerheid': None, 'beschrijving': None, 'status': 'huidig'}]"
137471,10205144,black-and-white photocopy,https://media.rkd.nl/iiif/10205144/full/max/0/default.jpg,[]
138636,10740499,black and white photograph,https://media.rkd.nl/iiif/10740499/full/max/0/default.jpg,[]
138705,10740556,reproduction (derivative object),https://media.rkd.nl/iiif/10740556/full/max/0/default.jpg,"[{'nummer': '106982', 'zekerheid': None, 'beschrijving': None, 'status': 'huidig'}]"
138773,10740596,photograph,https://media.rkd.nl/iiif/10740596/full/max/0/default.jpg,"[{'nummer': '105263', 'zekerheid': None, 'beschrijving': None, 'status': 'huidig'}]"
139304,10771170,black and white photograph,https://media.rkd.nl/iiif/10771170/full/max/0/default.jpg,[]
139467,10687784,digital image,https://media.rkd.nl/iiif/10687784/full/max/0/default.jpg,"[{'nummer': '114382', 'zekerheid': None, 'beschrijving': None, 'status': 'huidig'}]"
139484,10390007,unknown,https://media.rkd.nl/iiif/10390007/full/max/0/default.jpg,[]
140005,10389807,unknown,https://media.rkd.nl/iiif/10389807/full/max/0/default.jpg,"[{'nummer': '114468', 'zekerheid': None, 'beschrijving': None, 'status': 'huidig'}]"
140298,10676799,black and white photograph,https://media.rkd.nl/iiif/10676799/full/max/0/default.jpg,"[{'nummer': '115950', 'zekerheid': None, 'beschrijving': 'genealoog', 'status': 'huidig'}]"
140665,10390116,unknown,https://media.rkd.nl/iiif/10390116/full/max/0/default.jpg,"[{'nummer': '114250', 'zekerheid': None, 'beschrijving': None, 'status': 'huidig'}]"
140686,11114783,digital image,https://media.rkd.nl/iiif/11114783/full/max/0/default.jpg,[]
141284,10790818,black and white photograph,https://media.rkd.nl/iiif/10790818/full/max/0/default.jpg,"[{'nummer': '117110', 'zekerheid': None, 'beschrijving': None, 'status': 'huidig'}]"
141485,10676792,black and white photograph,https://media.rkd.nl/iiif/10676792/full/max/0/default.jpg,"[{'nummer': '116625', 'zekerheid': None, 'beschrijving': None, 'status': 'huidig'}]"
142136,10742633,black-and-white reproduction,https://media.rkd.nl/iiif/10742633/full/max/0/default.jpg,"[{'nummer': '114497', 'zekerheid': None, 'beschrijving': None, 'status': 'huidig'}]"
142269,10390384,color photograph,https://media.rkd.nl/iiif/10390384/full/max/0/default.jpg,"[{'nummer': '117507', 'zekerheid': None, 'beschrijving': None, 'status': 'huidig'}]"
142272,10743096,color photograph,https://media.rkd.nl/iiif/10743096/full/max/0/default.jpg,"[{'nummer': '117507', 'zekerheid': None, 'beschrijving': None, 'status': 'huidig'}]"
142275,10390386,color photograph,https://media.rkd.nl/iiif/10390386/full/max/0/default.jpg,"[{'nummer': '117507', 'zekerheid': None, 'beschrijving': None, 'status': 'huidig'}]"
142663,10720888,reproduction (derivative object),https://media.rkd.nl/iiif/10720888/full/max/0/default.jpg,"[{'nummer': '117679', 'zekerheid': None, 'beschrijving': None, 'status': 'huidig'}]"
142709,10743707,reproduction (derivative object),https://media.rkd.nl/iiif/10743707/full/max/0/default.jpg,"[{'nummer': '117746', 'zekerheid': None, 'beschrijving': None, 'status': 'huidig'}]"
142724,10901951,digital image,https://media.rkd.nl/iiif/10901951/full/max/0/default.jpg,"[{'nummer': '112806', 'zekerheid': None, 'beschrijving': None, 'status': 'huidig'}]"
143704,10721602,reproduction (derivative object),https://media.rkd.nl/iiif/10721602/full/max/0/default.jpg,"[{'nummer': '117746', 'zekerheid': None, 'beschrijving': None, 'status': 'huidig'}]"
143749,10639799,BD/Digital Collection,https://media.rkd.nl/iiif/10639799/full/max/0/default.jpg,[]
143791,10721224,photograph,https://media.rkd.nl/iiif/10721224/full/max/0/default.jpg,"[{'nummer': '118272', 'zekerheid': None, 'beschrijving': None, 'status': 'huidig'}]"
144044,10676797,black and white photograph,https://media.rkd.nl/iiif/10676797/full/max/0/default.jpg,"[{'nummer': '118381', 'zekerheid': None, 'beschrijving': None, 'status': 'huidig'}]"
145965,10390195,unknown,https://media.rkd.nl/iiif/10390195/full/max/0/default.jpg,"[{'nummer': '119723', 'zekerheid': None, 'beschrijving': None, 'status': 'huidig'}]"
146179,10725013,black and white photograph,https://media.rkd.nl/iiif/10725013/full/max/0/default.jpg,"[{'nummer': '113056', 'zekerheid': None, 'beschrijving': None, 'status': 'huidig'}]"
147756,10389933,unknown,https://media.rkd.nl/iiif/10389933/full/max/0/default.jpg,"[{'nummer': '120841', 'zekerheid': None, 'beschrijving': None, 'status': 'huidig'}]"
147864,10771172,black and white photograph,https://media.rkd.nl/iiif/10771172/full/max/0/default.jpg,"[{'nummer': '120937', 'zekerheid': 'waarschijnlijk', 'beschrijving': None, 'status': 'huidig'}]"
148813,10790817,black and white photograph,https://media.rkd.nl/iiif/10790817/full/max/0/default.jpg,"[{'nummer': '121439', 'zekerheid': None, 'beschrijving': None, 'status': 'huidig'}]"
148827,10389768,unknown,https://media.rkd.nl/iiif/10389768/full/max/0/default.jpg,"[{'nummer': '109451', 'zekerheid': None, 'beschrijving': None, 'status': 'huidig'}]"
149609,10720608,photograph,https://media.rkd.nl/iiif/10720608/full/max/0/default.jpg,"[{'nummer': '121906', 'zekerheid': None, 'beschrijving': None, 'status': 'huidig'}]"
149621,10722570,photograph,https://media.rkd.nl/iiif/10722570/full/max/0/default.jpg,"[{'nummer': '121919', 'zekerheid': None, 'beschrijving': None, 'status': 'huidig'}]"
149626,10722569,photograph,https://media.rkd.nl/iiif/10722569/full/max/0/default.jpg,"[{'nummer': '107860', 'zekerheid': None, 'beschrijving': None, 'status': 'huidig'}]"
149652,10721134,photograph,https://media.rkd.nl/iiif/10721134/full/max/0/default.jpg,"[{'nummer': '121939', 'zekerheid': None, 'beschrijving': None, 'status': 'huidig'}]"
149654,10729154,BD/RKD/1816 - IB/XVIIA,https://media.rkd.nl/iiif/10729154/full/max/0/default.jpg,"[{'nummer': '121941', 'zekerheid': 'waarschijnlijk', 'beschrijving': None, 'status': 'huidig'}]"
149659,10730119,photograph,https://media.rkd.nl/iiif/10730119/full/max/0/default.jpg,"[{'nummer': '121944', 'zekerheid': None, 'beschrijving': None, 'status': 'huidig'}]"
149661,10730120,photograph,https://media.rkd.nl/iiif/10730120/full/max/0/default.jpg,"[{'nummer': '121945', 'zekerheid': None, 'beschrijving': None, 'status': 'huidig'}]"
149731,10722166,BD/RKD/1814 - IB/XVID,https://media.rkd.nl/iiif/10722166/full/max/0/default.jpg,"[{'nummer': '121987', 'zekerheid': 'mogelijk', 'beschrijving': None, 'status': 'huidig'}]"
152323,10291834,black-and-white reproduction,https://media.rkd.nl/iiif/10291834/full/max/0/default.jpg,"[{'nummer': '120387', 'zekerheid': None, 'beschrijving': None, 'status': 'huidig'}]"
152483,10291832,black and white photograph,https://media.rkd.nl/iiif/10291832/full/max/0/default.jpg,"[{'nummer': '117478', 'zekerheid': 'waarschijnlijk', 'beschrijving': 'kunstschilder', 'status': 'huidig'}]"
153877,9200658,black and white photograph,https://media.rkd.nl/iiif/9200658/full/max/0/default.jpg,"[{'nummer': '110334', 'zekerheid': None, 'beschrijving': None, 'status': 'huidig'}, {'nummer': '125421', 'zekerheid': None, 'beschrijving': None, 'status': 'huidig'}]"
153877,10727074,black and white photograph,https://media.rkd.nl/iiif/10727074/full/max/0/default.jpg,"[{'nummer': '110334', 'zekerheid': None, 'beschrijving': None, 'status': 'huidig'}, {'nummer': '125421', 'zekerheid': None, 'beschrijving': None, 'status': 'huidig'}]"
153877,10637642,BD/Digital Collection,https://media.rkd.nl/iiif/10637642/full/max/0/default.jpg,"[{'nummer': '110334', 'zekerheid': None, 'beschrijving': None, 'status': 'huidig'}, {'nummer': '125421', 'zekerheid': None, 'beschrijving': None, 'status': 'huidig'}]"
154026,10291833,black-and-white reproduction,https://media.rkd.nl/iiif/10291833/full/max/0/default.jpg,"[{'nummer': '102806', 'zekerheid': None, 'beschrijving': None, 'status': 'huidig'}]"
162498,9274312,black-and-white photocopy,https://media.rkd.nl/iiif/9274312/full/max/0/default.jpg,"[{'nummer': '132273', 'zekerheid': None, 'beschrijving': None, 'status': 'huidig'}]"
162499,9274313,black-and-white photocopy,https://media.rkd.nl/iiif/9274313/full/max/0/default.jpg,"[{'nummer': '132274', 'zekerheid': None, 'beschrijving': None, 'status': 'huidig'}]"
163310,10205395,color reproduction,https://media.rkd.nl/iiif/10205395/full/max/0/default.jpg,"[{'nummer': '132784', 'zekerheid': None, 'beschrijving': None, 'status': 'huidig'}, {'nummer': '132785', 'zekerheid': None, 'beschrijving': None, 'status': 'huidig'}]"
163425,10676773,black and white photograph,https://media.rkd.nl/iiif/10676773/full/max/0/default.jpg,[]
163426,10676775,black and white photograph,https://media.rkd.nl/iiif/10676775/full/max/0/default.jpg,[]
165560,9334801,color photograph,https://media.rkd.nl/iiif/9334801/full/max/0/default.jpg,"[{'nummer': '121481', 'zekerheid': None, 'beschrijving': None, 'status': 'huidig'}]"
165806,10771173,black and white photograph,https://media.rkd.nl/iiif/10771173/full/max/0/default.jpg,"[{'nummer': '134778', 'zekerheid': None, 'beschrijving': None, 'status': 'huidig'}]"
166841,10786626,digital image,https://media.rkd.nl/iiif/10786626/full/max/0/default.jpg,"[{'nummer': '134872', 'zekerheid': None, 'beschrijving': ""Heer van Westdorpe, 's-Gravendijk en Oosterwijk. Subst.-griffier arrondissementsrechtbank Rotterdam, lid gemeenteraad Rotterdam; vice-president arrondissementsrechtbank te Haarlem, hoogheemraad van Schieland, heemraad van de Haarlemmermeerpolder.Gildebroeder Sint Jacobsgilde, Haarlem, 1874-1889."", 'status': 'huidig'}]"
166939,10901950,digital image,https://media.rkd.nl/iiif/10901950/full/max/0/default.jpg,"[{'nummer': '135431', 'zekerheid': 'waarschijnlijk', 'beschrijving': None, 'status': 'huidig'}]"
168037,10746045,reproduction (derivative object),https://media.rkd.nl/iiif/10746045/full/max/0/default.jpg,"[{'nummer': '136145', 'zekerheid': None, 'beschrijving': None, 'status': 'huidig'}]"
169824,10745142,color photograph,https://media.rkd.nl/iiif/10745142/full/max/0/default.jpg,"[{'nummer': '137306', 'zekerheid': None, 'beschrijving': None, 'status': 'huidig'}, {'nummer': '137307', 'zekerheid': None, 'beschrijving': None, 'status': 'huidig'}, {'nummer': '137309', 'zekerheid': None, 'beschrijving': None, 'status': 'huidig'}]"
169824,10786481,digital color photograph,https://media.rkd.nl/iiif/10786481/full/max/0/default.jpg,"[{'nummer': '137306', 'zekerheid': None, 'beschrijving': None, 'status': 'huidig'}, {'nummer': '137307', 'zekerheid': None, 'beschrijving': None, 'status': 'huidig'}, {'nummer': '137309', 'zekerheid': None, 'beschrijving': None, 'status': 'huidig'}]"
170753,10771165,black and white photograph,https://media.rkd.nl/iiif/10771165/full/max/0/default.jpg,"[{'nummer': '137978', 'zekerheid': None, 'beschrijving': 'eerste van links', 'status': 'huidig'}, {'nummer': '137979', 'zekerheid': None, 'beschrijving': 'eerste van rechts', 'status': 'huidig'}, {'nummer': '137980', 'zekerheid': None, 'beschrijving': 'figuur in het midden', 'status': 'huidig'}]"
171923,10667654,digital image,https://media.rkd.nl/iiif/10667654/full/max/0/default.jpg,"[{'nummer': '138651', 'zekerheid': None, 'beschrijving': 'Vrijheer van Hoogmade. Rechter rechtbank van eerste aanleg; raadsheer Hooggerechtshof; raadsheer Hoge Raad der Nederlanden.', 'status': 'huidig'}]"
171923,9270052,digital image,https://media.rkd.nl/iiif/9270052/full/max/0/default.jpg,"[{'nummer': '138651', 'zekerheid': None, 'beschrijving': 'Vrijheer van Hoogmade. Rechter rechtbank van eerste aanleg; raadsheer Hooggerechtshof; raadsheer Hoge Raad der Nederlanden.', 'status': 'huidig'}]"
171923,9105742,black and white photograph,https://media.rkd.nl/iiif/9105742/full/max/0/default.jpg,"[{'nummer': '138651', 'zekerheid': None, 'beschrijving': 'Vrijheer van Hoogmade. Rechter rechtbank van eerste aanleg; raadsheer Hooggerechtshof; raadsheer Hoge Raad der Nederlanden.', 'status': 'huidig'}]"
171925,10667656,digital image,https://media.rkd.nl/iiif/10667656/full/max/0/default.jpg,"[{'nummer': '138655', 'zekerheid': None, 'beschrijving': None, 'status': 'huidig'}]"
172046,10722012,reproduction (derivative object),https://media.rkd.nl/iiif/10722012/full/max/0/default.jpg,"[{'nummer': '107459', 'zekerheid': None, 'beschrijving': None, 'status': 'huidig'}]"
172046,9199054,black-and-white reproduction,https://media.rkd.nl/iiif/9199054/full/max/0/default.jpg,"[{'nummer': '107459', 'zekerheid': None, 'beschrijving': None, 'status': 'huidig'}]"
175693,10205061,black-and-white photocopy,https://media.rkd.nl/iiif/10205061/full/max/0/default.jpg,"[{'nummer': '141339', 'zekerheid': None, 'beschrijving': None, 'status': 'huidig'}]"
176125,9321435,digital image,https://media.rkd.nl/iiif/9321435/full/max/0/default.jpg,"[{'nummer': '107459', 'zekerheid': None, 'beschrijving': None, 'status': 'huidig'}]"
176125,9321436,digital image,https://media.rkd.nl/iiif/9321436/full/max/0/default.jpg,"[{'nummer': '107459', 'zekerheid': None, 'beschrijving': None, 'status': 'huidig'}]"
176521,10684275,color reproduction,https://media.rkd.nl/iiif/10684275/full/max/0/default.jpg,"[{'nummer': '113328', 'zekerheid': None, 'beschrijving': None, 'status': 'huidig'}]"
177625,9223398,color photograph,https://media.rkd.nl/iiif/9223398/full/max/0/default.jpg,[]
177631,9195335,BD/RKD/1836 - IB/XXC,https://media.rkd.nl/iiif/9195335/full/max/0/default.jpg,"[{'nummer': '142441', 'zekerheid': None, 'beschrijving': None, 'status': 'huidig'}]"
177632,9195334,color photograph,https://media.rkd.nl/iiif/9195334/full/max/0/default.jpg,"[{'nummer': '142442', 'zekerheid': None, 'beschrijving': None, 'status': 'huidig'}]"
177633,9223396,color photograph,https://media.rkd.nl/iiif/9223396/full/max/0/default.jpg,"[{'nummer': '142443', 'zekerheid': None, 'beschrijving': None, 'status': 'huidig'}]"
177642,9223401,color photograph,https://media.rkd.nl/iiif/9223401/full/max/0/default.jpg,"[{'nummer': '142448', 'zekerheid': None, 'beschrijving': 'Links', 'status': 'huidig'}, {'nummer': '142449', 'zekerheid': None, 'beschrijving': 'Rechts', 'status': 'huidig'}]"
177646,9195332,color photograph,https://media.rkd.nl/iiif/9195332/full/max/0/default.jpg,"[{'nummer': '142452', 'zekerheid': None, 'beschrijving': None, 'status': 'huidig'}]"
177647,9195329,color photograph,https://media.rkd.nl/iiif/9195329/full/max/0/default.jpg,"[{'nummer': '142452', 'zekerheid': None, 'beschrijving': None, 'status': 'huidig'}]"
177658,9195331,black-and-white reproduction,https://media.rkd.nl/iiif/9195331/full/max/0/default.jpg,"[{'nummer': '142459', 'zekerheid': None, 'beschrijving': None, 'status': 'huidig'}]"
179952,9164702,black and white photograph,https://media.rkd.nl/iiif/9164702/full/max/0/default.jpg,"[{'nummer': '143854', 'zekerheid': None, 'beschrijving': None, 'status': 'huidig'}]"
180792,9164633,color photograph,https://media.rkd.nl/iiif/9164633/full/max/0/default.jpg,"[{'nummer': '144356', 'zekerheid': None, 'beschrijving': 'Achterste rij eerste van rechts', 'status': 'huidig'}, {'nummer': '144357', 'zekerheid': None, 'beschrijving': 'Achterste rij tweede van rechts', 'status': 'huidig'}]"
181381,10291994,color reproduction,https://media.rkd.nl/iiif/10291994/full/max/0/default.jpg,"[{'nummer': '144650', 'zekerheid': None, 'beschrijving': None, 'status': 'huidig'}]"
191714,9321395,digital image,https://media.rkd.nl/iiif/9321395/full/max/0/default.jpg,"[{'nummer': '200640', 'zekerheid': None, 'beschrijving': None, 'status': 'huidig'}]"
192289,9190106,digital image,https://media.rkd.nl/iiif/9190106/full/max/0/default.jpg,"[{'nummer': '142858', 'zekerheid': None, 'beschrijving': None, 'status': 'huidig'}]"
193705,9137889,color photograph,https://media.rkd.nl/iiif/9137889/full/max/0/default.jpg,[]
197366,9243249,black and white photograph,https://media.rkd.nl/iiif/9243249/full/max/0/default.jpg,[]
197366,9243250,black and white photograph,https://media.rkd.nl/iiif/9243250/full/max/0/default.jpg,[]
197507,9242765,black and white photograph,https://media.rkd.nl/iiif/9242765/full/max/0/default.jpg,[]
197511,9242762,black and white photograph,https://media.rkd.nl/iiif/9242762/full/max/0/default.jpg,[]
197511,9242763,black and white photograph,https://media.rkd.nl/iiif/9242763/full/max/0/default.jpg,[]
198095,9242756,black and white photograph,https://media.rkd.nl/iiif/9242756/full/max/0/default.jpg,[]
198095,9242757,black and white photograph,https://media.rkd.nl/iiif/9242757/full/max/0/default.jpg,[]
198096,9242760,black and white photograph,https://media.rkd.nl/iiif/9242760/full/max/0/default.jpg,[]
198096,9242761,black and white photograph,https://media.rkd.nl/iiif/9242761/full/max/0/default.jpg,[]
198097,9242758,black and white photograph,https://media.rkd.nl/iiif/9242758/full/max/0/default.jpg,[]
198097,9242759,black and white photograph,https://media.rkd.nl/iiif/9242759/full/max/0/default.jpg,[]
198102,9242776,black and white photograph,https://media.rkd.nl/iiif/9242776/full/max/0/default.jpg,[]
198102,9242777,black and white photograph,https://media.rkd.nl/iiif/9242777/full/max/0/default.jpg,[]
198133,9242790,black and white photograph,https://media.rkd.nl/iiif/9242790/full/max/0/default.jpg,[]
198133,9242791,black and white photograph,https://media.rkd.nl/iiif/9242791/full/max/0/default.jpg,[]
198180,9333908,color reproduction,https://media.rkd.nl/iiif/9333908/full/max/0/default.jpg,[]
198956,9947123,color photograph,https://media.rkd.nl/iiif/9947123/full/max/0/default.jpg,[]
199491,10633396,digital image,https://media.rkd.nl/iiif/10633396/full/max/0/default.jpg,[]
199491,9197131,black-and-white reproduction,https://media.rkd.nl/iiif/9197131/full/max/0/default.jpg,[]
199491,10633395,BD/Digital Collection,https://media.rkd.nl/iiif/10633395/full/max/0/default.jpg,[]
199491,10632567,BD/Digital Collection,https://media.rkd.nl/iiif/10632567/full/max/0/default.jpg,[]
199491,10632568,BD/Digital Collection,https://media.rkd.nl/iiif/10632568/full/max/0/default.jpg,[]
199553,9204169,black and white photograph,https://media.rkd.nl/iiif/9204169/full/max/0/default.jpg,[]
199587,9204178,color photograph,https://media.rkd.nl/iiif/9204178/full/max/0/default.jpg,[]
199606,9204165,print,https://media.rkd.nl/iiif/9204165/full/max/0/default.jpg,[]
199615,10668141,black and white photograph,https://media.rkd.nl/iiif/10668141/full/max/0/default.jpg,[]
199615,10668140,black and white photograph,https://media.rkd.nl/iiif/10668140/full/max/0/default.jpg,[]
199844,10668149,black and white photograph,https://media.rkd.nl/iiif/10668149/full/max/0/default.jpg,[]
199846,10668168,black and white photograph,https://media.rkd.nl/iiif/10668168/full/max/0/default.jpg,[]
199882,10668171,black and white photograph,https://media.rkd.nl/iiif/10668171/full/max/0/default.jpg,[]
200261,9242816,black and white photograph,https://media.rkd.nl/iiif/9242816/full/max/0/default.jpg,[]
200261,9242817,black and white photograph,https://media.rkd.nl/iiif/9242817/full/max/0/default.jpg,[]
200760,9201968,digital image,https://media.rkd.nl/iiif/9201968/full/max/0/default.jpg,"[{'nummer': '201533', 'zekerheid': None, 'beschrijving': None, 'status': 'huidig'}]"
200772,9201969,digital image,https://media.rkd.nl/iiif/9201969/full/max/0/default.jpg,"[{'nummer': '201534', 'zekerheid': None, 'beschrijving': None, 'status': 'huidig'}]"
200810,9303657,digital color photograph,https://media.rkd.nl/iiif/9303657/full/max/0/default.jpg,[]
200810,9200638,black and white photograph,https://media.rkd.nl/iiif/9200638/full/max/0/default.jpg,[]
200810,9200641,black and white photograph,https://media.rkd.nl/iiif/9200641/full/max/0/default.jpg,[]
200844,10668273,black and white photograph,https://media.rkd.nl/iiif/10668273/full/max/0/default.jpg,[]
200920,9200630,black and white photograph,https://media.rkd.nl/iiif/9200630/full/max/0/default.jpg,[]
200929,9200635,print,https://media.rkd.nl/iiif/9200635/full/max/0/default.jpg,[]
200929,9200634,print,https://media.rkd.nl/iiif/9200634/full/max/0/default.jpg,[]
200944,9200637,print,https://media.rkd.nl/iiif/9200637/full/max/0/default.jpg,[]
200948,9200633,print,https://media.rkd.nl/iiif/9200633/full/max/0/default.jpg,[]
200952,10304699,digital image,https://media.rkd.nl/iiif/10304699/full/max/0/default.jpg,"[{'nummer': '52', 'zekerheid': None, 'beschrijving': None, 'status': 'huidig'}]"
200952,10647759,BD/Digital Collection,https://media.rkd.nl/iiif/10647759/full/max/0/default.jpg,"[{'nummer': '52', 'zekerheid': None, 'beschrijving': None, 'status': 'huidig'}]"
200952,9200631,black and white photograph,https://media.rkd.nl/iiif/9200631/full/max/0/default.jpg,"[{'nummer': '52', 'zekerheid': None, 'beschrijving': None, 'status': 'huidig'}]"
200957,9235571,digital color photograph,https://media.rkd.nl/iiif/9235571/full/max/0/default.jpg,[]
200957,9200657,black and white photograph,https://media.rkd.nl/iiif/9200657/full/max/0/default.jpg,[]
200966,9200656,black and white photograph,https://media.rkd.nl/iiif/9200656/full/max/0/default.jpg,"[{'nummer': '205419', 'zekerheid': None, 'beschrijving': None, 'status': 'huidig'}, {'nummer': '205420', 'zekerheid': None, 'beschrijving': None, 'status': 'huidig'}]"
201078,9199064,color reproduction,https://media.rkd.nl/iiif/9199064/full/max/0/default.jpg,"[{'nummer': '102725', 'zekerheid': None, 'beschrijving': None, 'status': 'huidig'}, {'nummer': '145475', 'zekerheid': None, 'beschrijving': None, 'status': 'huidig'}]"
201078,9275412,black and white photograph,https://media.rkd.nl/iiif/9275412/full/max/0/default.jpg,"[{'nummer': '102725', 'zekerheid': None, 'beschrijving': None, 'status': 'huidig'}, {'nummer': '145475', 'zekerheid': None, 'beschrijving': None, 'status': 'huidig'}]"
201127,9321876,digital image,https://media.rkd.nl/iiif/9321876/full/max/0/default.jpg,[]
201134,10204970,black-and-white reproduction,https://media.rkd.nl/iiif/10204970/full/max/0/default.jpg,"[{'nummer': '118870', 'zekerheid': None, 'beschrijving': None, 'status': 'huidig'}]"
201253,10668386,black and white photograph,https://media.rkd.nl/iiif/10668386/full/max/0/default.jpg,[]
201491,10668408,black and white photograph,https://media.rkd.nl/iiif/10668408/full/max/0/default.jpg,[]
201543,10668415,black and white photograph,https://media.rkd.nl/iiif/10668415/full/max/0/default.jpg,[]
201609,10668426,black and white photograph,https://media.rkd.nl/iiif/10668426/full/max/0/default.jpg,[]
201785,10668502,black and white photograph,https://media.rkd.nl/iiif/10668502/full/max/0/default.jpg,[]
201887,10668607,black and white photograph,https://media.rkd.nl/iiif/10668607/full/max/0/default.jpg,[]
201900,10668634,black and white photograph,https://media.rkd.nl/iiif/10668634/full/max/0/default.jpg,[]
201902,10668632,black and white photograph,https://media.rkd.nl/iiif/10668632/full/max/0/default.jpg,[]
201903,10668631,black and white photograph,https://media.rkd.nl/iiif/10668631/full/max/0/default.jpg,[]
202011,10668659,black and white photograph,https://media.rkd.nl/iiif/10668659/full/max/0/default.jpg,[]
202157,10668683,black and white photograph,https://media.rkd.nl/iiif/10668683/full/max/0/default.jpg,[]
202501,10668878,black and white photograph,https://media.rkd.nl/iiif/10668878/full/max/0/default.jpg,[]
202535,10668956,black and white photograph,https://media.rkd.nl/iiif/10668956/full/max/0/default.jpg,[]
202536,10668957,black and white photograph,https://media.rkd.nl/iiif/10668957/full/max/0/default.jpg,[]
202566,10668955,black and white photograph,https://media.rkd.nl/iiif/10668955/full/max/0/default.jpg,[]
202567,10668954,black and white photograph,https://media.rkd.nl/iiif/10668954/full/max/0/default.jpg,[]
202821,10669099,black and white photograph,https://media.rkd.nl/iiif/10669099/full/max/0/default.jpg,[]
202823,10669101,black and white photograph,https://media.rkd.nl/iiif/10669101/full/max/0/default.jpg,[]
202869,10665685,color photograph,https://media.rkd.nl/iiif/10665685/full/max/0/default.jpg,[]
202927,10669181,black and white photograph,https://media.rkd.nl/iiif/10669181/full/max/0/default.jpg,[]
203152,10669322,black and white photograph,https://media.rkd.nl/iiif/10669322/full/max/0/default.jpg,[]
203153,10669323,black and white photograph,https://media.rkd.nl/iiif/10669323/full/max/0/default.jpg,[]
203155,10669324,black and white photograph,https://media.rkd.nl/iiif/10669324/full/max/0/default.jpg,[]
203213,10669503,black and white photograph,https://media.rkd.nl/iiif/10669503/full/max/0/default.jpg,[]
203222,10669515,black and white photograph,https://media.rkd.nl/iiif/10669515/full/max/0/default.jpg,[]
203223,10669516,black and white photograph,https://media.rkd.nl/iiif/10669516/full/max/0/default.jpg,[]
203279,9206925,digital image,https://media.rkd.nl/iiif/9206925/full/max/0/default.jpg,[]
203492,10669708,black and white photograph,https://media.rkd.nl/iiif/10669708/full/max/0/default.jpg,[]
203493,10669709,black and white photograph,https://media.rkd.nl/iiif/10669709/full/max/0/default.jpg,[]
203782,10670066,black and white photograph,https://media.rkd.nl/iiif/10670066/full/max/0/default.jpg,[]
203944,10670167,black and white photograph,https://media.rkd.nl/iiif/10670167/full/max/0/default.jpg,[]
204036,10670218,black and white photograph,https://media.rkd.nl/iiif/10670218/full/max/0/default.jpg,[]
204037,10670221,black and white photograph,https://media.rkd.nl/iiif/10670221/full/max/0/default.jpg,[]
204037,10670220,black and white photograph,https://media.rkd.nl/iiif/10670220/full/max/0/default.jpg,[]
204137,10670330,black and white photograph,https://media.rkd.nl/iiif/10670330/full/max/0/default.jpg,[]
204140,10670334,black and white photograph,https://media.rkd.nl/iiif/10670334/full/max/0/default.jpg,[]
204242,10670588,black and white photograph,https://media.rkd.nl/iiif/10670588/full/max/0/default.jpg,[]
204244,10670336,black and white photograph,https://media.rkd.nl/iiif/10670336/full/max/0/default.jpg,[]
204446,10670449,black and white photograph,https://media.rkd.nl/iiif/10670449/full/max/0/default.jpg,[]
204506,10670500,black and white photograph,https://media.rkd.nl/iiif/10670500/full/max/0/default.jpg,[]
204521,10670506,black and white photograph,https://media.rkd.nl/iiif/10670506/full/max/0/default.jpg,[]
204581,10670533,black and white photograph,https://media.rkd.nl/iiif/10670533/full/max/0/default.jpg,[]
204598,10204971,black-and-white reproduction,https://media.rkd.nl/iiif/10204971/full/max/0/default.jpg,"[{'nummer': '118870', 'zekerheid': None, 'beschrijving': None, 'status': 'huidig'}]"
204619,9235568,digital color photograph,https://media.rkd.nl/iiif/9235568/full/max/0/default.jpg,[]
204619,9222076,color photograph,https://media.rkd.nl/iiif/9222076/full/max/0/default.jpg,[]
204637,10670553,black and white photograph,https://media.rkd.nl/iiif/10670553/full/max/0/default.jpg,[]
204816,10670647,black and white photograph,https://media.rkd.nl/iiif/10670647/full/max/0/default.jpg,[]
205099,9222096,digital image,https://media.rkd.nl/iiif/9222096/full/max/0/default.jpg,[]
205100,9222095,digital image,https://media.rkd.nl/iiif/9222095/full/max/0/default.jpg,[]
205100,9222094,digital image,https://media.rkd.nl/iiif/9222094/full/max/0/default.jpg,[]
205195,10670795,black and white photograph,https://media.rkd.nl/iiif/10670795/full/max/0/default.jpg,[]
205371,10670850,black and white photograph,https://media.rkd.nl/iiif/10670850/full/max/0/default.jpg,[]
205440,10670875,black and white photograph,https://media.rkd.nl/iiif/10670875/full/max/0/default.jpg,[]
205440,10670876,black and white photograph,https://media.rkd.nl/iiif/10670876/full/max/0/default.jpg,[]
205533,10671078,black and white photograph,https://media.rkd.nl/iiif/10671078/full/max/0/default.jpg,[]
206417,9222228,BD/Digital Collection,https://media.rkd.nl/iiif/9222228/full/max/0/default.jpg,[]
207285,9222227,digital image,https://media.rkd.nl/iiif/9222227/full/max/0/default.jpg,[]
207292,9222225,digital image,https://media.rkd.nl/iiif/9222225/full/max/0/default.jpg,[]
207293,9222226,digital image,https://media.rkd.nl/iiif/9222226/full/max/0/default.jpg,[]
207297,9222258,digital image,https://media.rkd.nl/iiif/9222258/full/max/0/default.jpg,[]
207299,9222247,digital image,https://media.rkd.nl/iiif/9222247/full/max/0/default.jpg,[]
210316,9230810,digital image,https://media.rkd.nl/iiif/9230810/full/max/0/default.jpg,[]
213444,9221427,digital black-and-white photograph,https://media.rkd.nl/iiif/9221427/full/max/0/default.jpg,[]
213445,9321404,digital image,https://media.rkd.nl/iiif/9321404/full/max/0/default.jpg,[]
213500,9242746,black and white photograph,https://media.rkd.nl/iiif/9242746/full/max/0/default.jpg,[]
213500,9242747,black and white photograph,https://media.rkd.nl/iiif/9242747/full/max/0/default.jpg,[]
213672,9242794,black and white photograph,https://media.rkd.nl/iiif/9242794/full/max/0/default.jpg,[]
213672,9242795,black and white photograph,https://media.rkd.nl/iiif/9242795/full/max/0/default.jpg,[]
213673,9242796,black and white photograph,https://media.rkd.nl/iiif/9242796/full/max/0/default.jpg,[]
213673,9242797,black and white photograph,https://media.rkd.nl/iiif/9242797/full/max/0/default.jpg,[]
215575,9234800,digital black-and-white photograph,https://media.rkd.nl/iiif/9234800/full/max/0/default.jpg,"[{'nummer': '202512', 'zekerheid': None, 'beschrijving': None, 'status': 'huidig'}]"
215576,9234799,digital black-and-white photograph,https://media.rkd.nl/iiif/9234799/full/max/0/default.jpg,"[{'nummer': '202513', 'zekerheid': None, 'beschrijving': None, 'status': 'huidig'}]"
215578,9234797,digital black-and-white photograph,https://media.rkd.nl/iiif/9234797/full/max/0/default.jpg,"[{'nummer': '202514', 'zekerheid': None, 'beschrijving': None, 'status': 'huidig'}]"
215579,9234801,digital black-and-white photograph,https://media.rkd.nl/iiif/9234801/full/max/0/default.jpg,"[{'nummer': '202515', 'zekerheid': None, 'beschrijving': None, 'status': 'huidig'}]"
215582,9236225,digital color photograph,https://media.rkd.nl/iiif/9236225/full/max/0/default.jpg,[]
215583,9270542,digital color photograph,https://media.rkd.nl/iiif/9270542/full/max/0/default.jpg,[]
215584,9236224,digital color photograph,https://media.rkd.nl/iiif/9236224/full/max/0/default.jpg,[]
216823,9240698,black and white photograph,https://media.rkd.nl/iiif/9240698/full/max/0/default.jpg,"[{'nummer': '202534', 'zekerheid': None, 'beschrijving': None, 'status': 'huidig'}]"
217667,9323376,digital color photograph,https://media.rkd.nl/iiif/9323376/full/max/0/default.jpg,[]
217670,9323308,digital color photograph,https://media.rkd.nl/iiif/9323308/full/max/0/default.jpg,[]
217672,9242744,black and white photograph,https://media.rkd.nl/iiif/9242744/full/max/0/default.jpg,[]
217672,9242745,black and white photograph,https://media.rkd.nl/iiif/9242745/full/max/0/default.jpg,[]
217674,9242752,black and white photograph,https://media.rkd.nl/iiif/9242752/full/max/0/default.jpg,[]
217745,9242780,black and white photograph,https://media.rkd.nl/iiif/9242780/full/max/0/default.jpg,[]
217745,9242781,black and white photograph,https://media.rkd.nl/iiif/9242781/full/max/0/default.jpg,[]
217745,9242782,black and white photograph,https://media.rkd.nl/iiif/9242782/full/max/0/default.jpg,[]
217745,9242783,black and white photograph,https://media.rkd.nl/iiif/9242783/full/max/0/default.jpg,[]
217745,9242784,black and white photograph,https://media.rkd.nl/iiif/9242784/full/max/0/default.jpg,[]
217745,9242785,black and white photograph,https://media.rkd.nl/iiif/9242785/full/max/0/default.jpg,[]
217745,9242786,black and white photograph,https://media.rkd.nl/iiif/9242786/full/max/0/default.jpg,[]
217745,9242787,black and white photograph,https://media.rkd.nl/iiif/9242787/full/max/0/default.jpg,[]
217745,9242788,black and white photograph,https://media.rkd.nl/iiif/9242788/full/max/0/default.jpg,[]
217745,9242789,black and white photograph,https://media.rkd.nl/iiif/9242789/full/max/0/default.jpg,[]
217764,10349114,digital color photograph,https://media.rkd.nl/iiif/10349114/full/max/0/default.jpg,"[{'nummer': '202879', 'zekerheid': None, 'beschrijving': 'staand, derde van links', 'status': 'huidig'}, {'nummer': '202880', 'zekerheid': None, 'beschrijving': 'zittend, uiterst links', 'status': 'huidig'}, {'nummer': '202881', 'zekerheid': None, 'beschrijving': None, 'status': 'huidig'}]"
217764,10304690,digital image,https://media.rkd.nl/iiif/10304690/full/max/0/default.jpg,"[{'nummer': '202879', 'zekerheid': None, 'beschrijving': 'staand, derde van links', 'status': 'huidig'}, {'nummer': '202880', 'zekerheid': None, 'beschrijving': 'zittend, uiterst links', 'status': 'huidig'}, {'nummer': '202881', 'zekerheid': None, 'beschrijving': None, 'status': 'huidig'}]"
217764,10304691,digital image,https://media.rkd.nl/iiif/10304691/full/max/0/default.jpg,"[{'nummer': '202879', 'zekerheid': None, 'beschrijving': 'staand, derde van links', 'status': 'huidig'}, {'nummer': '202880', 'zekerheid': None, 'beschrijving': 'zittend, uiterst links', 'status': 'huidig'}, {'nummer': '202881', 'zekerheid': None, 'beschrijving': None, 'status': 'huidig'}]"
217764,9221426,digital color photograph,https://media.rkd.nl/iiif/9221426/full/max/0/default.jpg,"[{'nummer': '202879', 'zekerheid': None, 'beschrijving': 'staand, derde van links', 'status': 'huidig'}, {'nummer': '202880', 'zekerheid': None, 'beschrijving': 'zittend, uiterst links', 'status': 'huidig'}, {'nummer': '202881', 'zekerheid': None, 'beschrijving': None, 'status': 'huidig'}]"
217770,9242818,black and white photograph,https://media.rkd.nl/iiif/9242818/full/max/0/default.jpg,[]
217770,9242819,black and white photograph,https://media.rkd.nl/iiif/9242819/full/max/0/default.jpg,[]
220203,10667707,black and white photograph,https://media.rkd.nl/iiif/10667707/full/max/0/default.jpg,[]
220299,10668126,black and white photograph,https://media.rkd.nl/iiif/10668126/full/max/0/default.jpg,[]
220392,9241131,color photograph,https://media.rkd.nl/iiif/9241131/full/max/0/default.jpg,"[{'nummer': '202740', 'zekerheid': None, 'beschrijving': None, 'status': 'huidig'}, {'nummer': '202741', 'zekerheid': None, 'beschrijving': None, 'status': 'huidig'}, {'nummer': '202742', 'zekerheid': None, 'beschrijving': None, 'status': 'huidig'}]"
224124,10660862,digital image,https://media.rkd.nl/iiif/10660862/full/max/0/default.jpg,[]
224939,9197707,digital color photograph,https://media.rkd.nl/iiif/9197707/full/max/0/default.jpg,"[{'nummer': '202861', 'zekerheid': None, 'beschrijving': None, 'status': 'huidig'}]"
224948,9197708,digital color photograph,https://media.rkd.nl/iiif/9197708/full/max/0/default.jpg,"[{'nummer': '202860', 'zekerheid': None, 'beschrijving': None, 'status': 'huidig'}]"
225368,9291146,color photograph,https://media.rkd.nl/iiif/9291146/full/max/0/default.jpg,"[{'nummer': '203005', 'zekerheid': None, 'beschrijving': None, 'status': 'huidig'}]"
225374,9291147,color photograph,https://media.rkd.nl/iiif/9291147/full/max/0/default.jpg,"[{'nummer': '203004', 'zekerheid': None, 'beschrijving': None, 'status': 'huidig'}]"
225380,9291150,color photograph,https://media.rkd.nl/iiif/9291150/full/max/0/default.jpg,"[{'nummer': '203001', 'zekerheid': None, 'beschrijving': None, 'status': 'huidig'}]"
225381,9291145,color photograph,https://media.rkd.nl/iiif/9291145/full/max/0/default.jpg,"[{'nummer': '203005', 'zekerheid': None, 'beschrijving': None, 'status': 'huidig'}]"
227235,9292360,digital color photograph,https://media.rkd.nl/iiif/9292360/full/max/0/default.jpg,[]
229213,9274352,digital image,https://media.rkd.nl/iiif/9274352/full/max/0/default.jpg,"[{'nummer': '107376', 'zekerheid': None, 'beschrijving': None, 'status': 'huidig'}]"
230987,9307934,digital color photograph,https://media.rkd.nl/iiif/9307934/full/max/0/default.jpg,"[{'nummer': '203406', 'zekerheid': None, 'beschrijving': None, 'status': 'huidig'}]"
232068,9241188,digital color photograph,https://media.rkd.nl/iiif/9241188/full/max/0/default.jpg,"[{'nummer': '203509', 'zekerheid': None, 'beschrijving': None, 'status': 'huidig'}]"
232068,9241189,color photograph,https://media.rkd.nl/iiif/9241189/full/max/0/default.jpg,"[{'nummer': '203509', 'zekerheid': None, 'beschrijving': None, 'status': 'huidig'}]"
232107,9303652,digital color photograph,https://media.rkd.nl/iiif/9303652/full/max/0/default.jpg,[]
232190,9321397,digital image,https://media.rkd.nl/iiif/9321397/full/max/0/default.jpg,[]
232306,10655438,digital image,https://media.rkd.nl/iiif/10655438/full/max/0/default.jpg,"[{'nummer': '205379', 'zekerheid': None, 'beschrijving': None, 'status': 'huidig'}]"
232336,9321431,digital image,https://media.rkd.nl/iiif/9321431/full/max/0/default.jpg,[]
232336,9321430,digital image,https://media.rkd.nl/iiif/9321430/full/max/0/default.jpg,[]
232484,10662314,digital image,https://media.rkd.nl/iiif/10662314/full/max/0/default.jpg,"[{'nummer': '203533', 'zekerheid': None, 'beschrijving': None, 'status': 'huidig'}]"
232484,10662315,digital image,https://media.rkd.nl/iiif/10662315/full/max/0/default.jpg,"[{'nummer': '203533', 'zekerheid': None, 'beschrijving': None, 'status': 'huidig'}]"
232484,10662316,digital image,https://media.rkd.nl/iiif/10662316/full/max/0/default.jpg,"[{'nummer': '203533', 'zekerheid': None, 'beschrijving': None, 'status': 'huidig'}]"
232484,10662317,digital image,https://media.rkd.nl/iiif/10662317/full/max/0/default.jpg,"[{'nummer': '203533', 'zekerheid': None, 'beschrijving': None, 'status': 'huidig'}]"
232484,10662318,digital image,https://media.rkd.nl/iiif/10662318/full/max/0/default.jpg,"[{'nummer': '203533', 'zekerheid': None, 'beschrijving': None, 'status': 'huidig'}]"
233704,10902241,black-and-white reproduction,https://media.rkd.nl/iiif/10902241/full/max/0/default.jpg,[]
236850,10632527,BD/Digital Collection,https://media.rkd.nl/iiif/10632527/full/max/0/default.jpg,[]
236895,10632545,BD/Digital Collection,https://media.rkd.nl/iiif/10632545/full/max/0/default.jpg,[]
237827,10632546,BD/Digital Collection,https://media.rkd.nl/iiif/10632546/full/max/0/default.jpg,[]
237830,10632547,BD/Digital Collection,https://media.rkd.nl/iiif/10632547/full/max/0/default.jpg,[]
237836,10632550,BD/Digital Collection,https://media.rkd.nl/iiif/10632550/full/max/0/default.jpg,[]
238437,10635890,BD/Digital Collection,https://media.rkd.nl/iiif/10635890/full/max/0/default.jpg,[]
238438,10635891,BD/Digital Collection,https://media.rkd.nl/iiif/10635891/full/max/0/default.jpg,[]
239001,10636327,BD/Digital Collection,https://media.rkd.nl/iiif/10636327/full/max/0/default.jpg,[]
240435,10655439,digital image,https://media.rkd.nl/iiif/10655439/full/max/0/default.jpg,"[{'nummer': '205380', 'zekerheid': None, 'beschrijving': None, 'status': 'huidig'}]"
240838,10644910,BD/Digital Collection,https://media.rkd.nl/iiif/10644910/full/max/0/default.jpg,"[{'nummer': '134581', 'zekerheid': None, 'beschrijving': None, 'status': 'huidig'}]"
240839,10644909,BD/Digital Collection,https://media.rkd.nl/iiif/10644909/full/max/0/default.jpg,"[{'nummer': '200271', 'zekerheid': None, 'beschrijving': None, 'status': 'huidig'}]"
240864,10204984,black and white photograph,https://media.rkd.nl/iiif/10204984/full/max/0/default.jpg,"[{'nummer': '205415', 'zekerheid': None, 'beschrijving': None, 'status': 'huidig'}]"
242194,9333996,black-and-white reproduction,https://media.rkd.nl/iiif/9333996/full/max/0/default.jpg,"[{'nummer': '100200', 'zekerheid': None, 'beschrijving': None, 'status': 'huidig'}]"
242858,9136657,black and white photograph,https://media.rkd.nl/iiif/9136657/full/max/0/default.jpg,[]
243695,10640308,BD/Digital Collection,https://media.rkd.nl/iiif/10640308/full/max/0/default.jpg,"[{'nummer': '204791', 'zekerheid': None, 'beschrijving': None, 'status': 'huidig'}]"
244077,10640510,digital image,https://media.rkd.nl/iiif/10640510/full/max/0/default.jpg,"[{'nummer': '204817', 'zekerheid': None, 'beschrijving': None, 'status': 'huidig'}]"
244188,10640612,BD/Digital Collection,https://media.rkd.nl/iiif/10640612/full/max/0/default.jpg,"[{'nummer': '204822', 'zekerheid': None, 'beschrijving': None, 'status': 'huidig'}]"
244201,10640628,digital image,https://media.rkd.nl/iiif/10640628/full/max/0/default.jpg,"[{'nummer': '115186', 'zekerheid': None, 'beschrijving': None, 'status': 'huidig'}]"
244466,9333591,black and white photograph,https://media.rkd.nl/iiif/9333591/full/max/0/default.jpg,"[{'nummer': '109791', 'zekerheid': None, 'beschrijving': None, 'status': 'huidig'}]"
245556,9289384,black-and-white reproduction,https://media.rkd.nl/iiif/9289384/full/max/0/default.jpg,[]
246091,10642047,digital image,https://media.rkd.nl/iiif/10642047/full/max/0/default.jpg,[]
247604,10643558,digital image,https://media.rkd.nl/iiif/10643558/full/max/0/default.jpg,[]
248719,10644649,digital image,https://media.rkd.nl/iiif/10644649/full/max/0/default.jpg,"[{'nummer': '205237', 'zekerheid': None, 'beschrijving': None, 'status': 'huidig'}]"
248778,10644652,digital image,https://media.rkd.nl/iiif/10644652/full/max/0/default.jpg,"[{'nummer': '205238', 'zekerheid': None, 'beschrijving': None, 'status': 'huidig'}]"
248778,10644653,digital image,https://media.rkd.nl/iiif/10644653/full/max/0/default.jpg,"[{'nummer': '205238', 'zekerheid': None, 'beschrijving': None, 'status': 'huidig'}]"
248778,10644654,digital image,https://media.rkd.nl/iiif/10644654/full/max/0/default.jpg,"[{'nummer': '205238', 'zekerheid': None, 'beschrijving': None, 'status': 'huidig'}]"
248880,10644869,BD/Digital Collection,https://media.rkd.nl/iiif/10644869/full/max/0/default.jpg,[]
248895,10644885,BD/Digital Collection,https://media.rkd.nl/iiif/10644885/full/max/0/default.jpg,"[{'nummer': '105278', 'zekerheid': None, 'beschrijving': None, 'status': 'huidig'}]"
248982,10348710,digital color photograph,https://media.rkd.nl/iiif/10348710/full/max/0/default.jpg,[]
248982,10657423,digital image,https://media.rkd.nl/iiif/10657423/full/max/0/default.jpg,[]
249682,10645536,black and white photograph,https://media.rkd.nl/iiif/10645536/full/max/0/default.jpg,[]
250185,10901742,digital image,https://media.rkd.nl/iiif/10901742/full/max/0/default.jpg,[]
254046,9334423,color reproduction,https://media.rkd.nl/iiif/9334423/full/max/0/default.jpg,"[{'nummer': '205692', 'zekerheid': None, 'beschrijving': None, 'status': 'huidig'}]"
254118,9303692,digital color photograph,https://media.rkd.nl/iiif/9303692/full/max/0/default.jpg,[]
254408,10649310,digital image,https://media.rkd.nl/iiif/10649310/full/max/0/default.jpg,"[{'nummer': '205725', 'zekerheid': None, 'beschrijving': None, 'status': 'huidig'}]"
255438,10650128,digital image,https://media.rkd.nl/iiif/10650128/full/max/0/default.jpg,[]
255721,10650301,BD/Digital Collection,https://media.rkd.nl/iiif/10650301/full/max/0/default.jpg,[]
257213,10651675,color photograph,https://media.rkd.nl/iiif/10651675/full/max/0/default.jpg,"[{'nummer': '105701', 'zekerheid': None, 'beschrijving': None, 'status': 'huidig'}]"
262137,10655800,digital color photograph,https://media.rkd.nl/iiif/10655800/full/max/0/default.jpg,[]
263095,10348651,digital image,https://media.rkd.nl/iiif/10348651/full/max/0/default.jpg,"[{'nummer': '206313', 'zekerheid': None, 'beschrijving': None, 'status': 'huidig'}]"
263097,10348652,digital image,https://media.rkd.nl/iiif/10348652/full/max/0/default.jpg,"[{'nummer': '206313', 'zekerheid': None, 'beschrijving': 'second from the left', 'status': 'huidig'}, {'nummer': '206314', 'zekerheid': None, 'beschrijving': 'far right', 'status': 'huidig'}, {'nummer': '206315', 'zekerheid': None, 'beschrijving': 'far left', 'status': 'huidig'}, {'nummer': '206317', 'zekerheid': None, 'beschrijving': 'center', 'status': 'huidig'}, {'nummer': '206318', 'zekerheid': None, 'beschrijving': 'second from the right', 'status': 'huidig'}]"
263101,10348654,digital image,https://media.rkd.nl/iiif/10348654/full/max/0/default.jpg,"[{'nummer': '206315', 'zekerheid': None, 'beschrijving': 'on the right', 'status': 'huidig'}, {'nummer': '206317', 'zekerheid': None, 'beschrijving': 'on the left', 'status': 'huidig'}, {'nummer': '206318', 'zekerheid': None, 'beschrijving': 'in the middle', 'status': 'huidig'}]"
263144,10348660,digital image,https://media.rkd.nl/iiif/10348660/full/max/0/default.jpg,"[{'nummer': '206314', 'zekerheid': None, 'beschrijving': None, 'status': 'huidig'}]"
263151,10348661,digital image,https://media.rkd.nl/iiif/10348661/full/max/0/default.jpg,"[{'nummer': '206324', 'zekerheid': None, 'beschrijving': None, 'status': 'huidig'}]"
263594,10348671,digital image,https://media.rkd.nl/iiif/10348671/full/max/0/default.jpg,"[{'nummer': '206324', 'zekerheid': None, 'beschrijving': None, 'status': 'huidig'}]"
263939,10348701,digital image,https://media.rkd.nl/iiif/10348701/full/max/0/default.jpg,"[{'nummer': '206323', 'zekerheid': None, 'beschrijving': None, 'status': 'huidig'}]"
264430,10205683,color photograph,https://media.rkd.nl/iiif/10205683/full/max/0/default.jpg,"[{'nummer': '110126', 'zekerheid': None, 'beschrijving': None, 'status': 'huidig'}]"
272677,10667713,black and white photograph,https://media.rkd.nl/iiif/10667713/full/max/0/default.jpg,[]
273254,10291795,black and white photograph,https://media.rkd.nl/iiif/10291795/full/max/0/default.jpg,"[{'nummer': '104460', 'zekerheid': None, 'beschrijving': None, 'status': 'huidig'}]"
273682,10667911,black and white photograph,https://media.rkd.nl/iiif/10667911/full/max/0/default.jpg,[]
274170,10667082,digital image,https://media.rkd.nl/iiif/10667082/full/max/0/default.jpg,"[{'nummer': '207026', 'zekerheid': 'waarschijnlijk', 'beschrijving': None, 'status': 'huidig'}]"
274638,10667625,digital image,https://media.rkd.nl/iiif/10667625/full/max/0/default.jpg,[]
274638,10667626,digital image,https://media.rkd.nl/iiif/10667626/full/max/0/default.jpg,[]
275014,10668582,digital image,https://media.rkd.nl/iiif/10668582/full/max/0/default.jpg,"[{'nummer': '207076', 'zekerheid': None, 'beschrijving': None, 'status': 'huidig'}]"
276077,10291870,black and white photograph,https://media.rkd.nl/iiif/10291870/full/max/0/default.jpg,[]
277494,10671272,digital image,https://media.rkd.nl/iiif/10671272/full/max/0/default.jpg,[]
277495,10671273,digital image,https://media.rkd.nl/iiif/10671273/full/max/0/default.jpg,[]
277498,10671276,digital image,https://media.rkd.nl/iiif/10671276/full/max/0/default.jpg,[]
279443,10674021,color reproduction,https://media.rkd.nl/iiif/10674021/full/max/0/default.jpg,[]
279446,10352887,color reproduction,https://media.rkd.nl/iiif/10352887/full/max/0/default.jpg,[]
279448,10674023,color reproduction,https://media.rkd.nl/iiif/10674023/full/max/0/default.jpg,[]
279448,10352888,color reproduction,https://media.rkd.nl/iiif/10352888/full/max/0/default.jpg,[]
279460,9174424,color reproduction,https://media.rkd.nl/iiif/9174424/full/max/0/default.jpg,[]
279464,10674027,digital image,https://media.rkd.nl/iiif/10674027/full/max/0/default.jpg,[]
279464,10302141,color reproduction,https://media.rkd.nl/iiif/10302141/full/max/0/default.jpg,[]
279466,10352903,color reproduction,https://media.rkd.nl/iiif/10352903/full/max/0/default.jpg,"[{'nummer': '207357', 'zekerheid': None, 'beschrijving': None, 'status': 'huidig'}]"
279466,10302108,color reproduction,https://media.rkd.nl/iiif/10302108/full/max/0/default.jpg,"[{'nummer': '207357', 'zekerheid': None, 'beschrijving': None, 'status': 'huidig'}]"
279469,10674029,color reproduction,https://media.rkd.nl/iiif/10674029/full/max/0/default.jpg,[]
279473,10674038,digital image,https://media.rkd.nl/iiif/10674038/full/max/0/default.jpg,[]
279473,10302109,color reproduction,https://media.rkd.nl/iiif/10302109/full/max/0/default.jpg,[]
279473,10302104,color reproduction,https://media.rkd.nl/iiif/10302104/full/max/0/default.jpg,[]
279477,10302062,black-and-white reproduction,https://media.rkd.nl/iiif/10302062/full/max/0/default.jpg,[]
279488,10302089,black-and-white reproduction,https://media.rkd.nl/iiif/10302089/full/max/0/default.jpg,[]
279489,10302094,black and white photograph,https://media.rkd.nl/iiif/10302094/full/max/0/default.jpg,[]
279491,10302100,black-and-white reproduction,https://media.rkd.nl/iiif/10302100/full/max/0/default.jpg,[]
279492,10302092,black and white photograph,https://media.rkd.nl/iiif/10302092/full/max/0/default.jpg,[]
279506,10302091,black and white photograph,https://media.rkd.nl/iiif/10302091/full/max/0/default.jpg,[]
279507,10302110,color reproduction,https://media.rkd.nl/iiif/10302110/full/max/0/default.jpg,[]
279918,10302106,color reproduction,https://media.rkd.nl/iiif/10302106/full/max/0/default.jpg,[]
279922,10302093,BD/RKD/1600 - MHK/The Netherlands/Paintings and Drawings,https://media.rkd.nl/iiif/10302093/full/max/0/default.jpg,[]
279935,10302098,black and white photograph,https://media.rkd.nl/iiif/10302098/full/max/0/default.jpg,[]
280075,10302103,black-and-white reproduction,https://media.rkd.nl/iiif/10302103/full/max/0/default.jpg,[]
280087,10302096,black and white photograph,https://media.rkd.nl/iiif/10302096/full/max/0/default.jpg,[]
280100,10302105,black and white photograph,https://media.rkd.nl/iiif/10302105/full/max/0/default.jpg,[]
280101,10302097,color reproduction,https://media.rkd.nl/iiif/10302097/full/max/0/default.jpg,[]
282593,10677713,color reproduction,https://media.rkd.nl/iiif/10677713/full/max/0/default.jpg,"[{'nummer': '142835', 'zekerheid': None, 'beschrijving': None, 'status': 'huidig'}]"
283942,10679853,black and white photograph,https://media.rkd.nl/iiif/10679853/full/max/0/default.jpg,"[{'nummer': '119097', 'zekerheid': None, 'beschrijving': None, 'status': 'huidig'}]"
283944,10679854,black and white photograph,https://media.rkd.nl/iiif/10679854/full/max/0/default.jpg,"[{'nummer': '207702', 'zekerheid': None, 'beschrijving': None, 'status': 'huidig'}]"
287519,11115464,digital image,https://media.rkd.nl/iiif/11115464/full/max/0/default.jpg,[]
288060,10803127,digital image,https://media.rkd.nl/iiif/10803127/full/max/0/default.jpg,[]
288403,10803746,digital color photograph,https://media.rkd.nl/iiif/10803746/full/max/0/default.jpg,"[{'nummer': '102750', 'zekerheid': None, 'beschrijving': None, 'status': 'huidig'}]"
288414,10803745,digital color photograph,https://media.rkd.nl/iiif/10803745/full/max/0/default.jpg,"[{'nummer': '208092', 'zekerheid': None, 'beschrijving': None, 'status': 'huidig'}]"
288952,10687792,digital image,https://media.rkd.nl/iiif/10687792/full/max/0/default.jpg,"[{'nummer': '114382', 'zekerheid': None, 'beschrijving': None, 'status': 'huidig'}]"
289000,10687857,digital image,https://media.rkd.nl/iiif/10687857/full/max/0/default.jpg,[]
289030,10687953,color reproduction,https://media.rkd.nl/iiif/10687953/full/max/0/default.jpg,[]
289043,10687974,digital image,https://media.rkd.nl/iiif/10687974/full/max/0/default.jpg,[]
290529,10803744,digital color photograph,https://media.rkd.nl/iiif/10803744/full/max/0/default.jpg,"[{'nummer': '125078', 'zekerheid': None, 'beschrijving': None, 'status': 'huidig'}]"
295174,10899867,BD/Digital Collection,https://media.rkd.nl/iiif/10899867/full/max/0/default.jpg,"[{'nummer': '208371', 'zekerheid': None, 'beschrijving': None, 'status': 'huidig'}]"
295471,10463748,digital color photograph,https://media.rkd.nl/iiif/10463748/full/max/0/default.jpg,"[{'nummer': '123123', 'zekerheid': None, 'beschrijving': None, 'status': 'huidig'}]"
296848,10703927,BD/Digital Collection,https://media.rkd.nl/iiif/10703927/full/max/0/default.jpg,"[{'nummer': '114449', 'zekerheid': None, 'beschrijving': None, 'status': 'huidig'}]"
296889,10464094,black-and-white reproduction,https://media.rkd.nl/iiif/10464094/full/max/0/default.jpg,[]
298583,10708429,digital image,https://media.rkd.nl/iiif/10708429/full/max/0/default.jpg,[]
298863,10709382,BD/Digital Collection,https://media.rkd.nl/iiif/10709382/full/max/0/default.jpg,[]
298931,10709530,BD/Digital Collection,https://media.rkd.nl/iiif/10709530/full/max/0/default.jpg,[]
298931,10709529,BD/Digital Collection,https://media.rkd.nl/iiif/10709529/full/max/0/default.jpg,[]
300328,10710814,BD/Digital Collection,https://media.rkd.nl/iiif/10710814/full/max/0/default.jpg,[]
301182,10902278,digital image,https://media.rkd.nl/iiif/10902278/full/max/0/default.jpg,[]
304515,10841726,BD/Digital Collection,https://media.rkd.nl/iiif/10841726/full/max/0/default.jpg,[]
304809,10716449,digital color photograph,https://media.rkd.nl/iiif/10716449/full/max/0/default.jpg,"[{'nummer': '208574', 'zekerheid': None, 'beschrijving': None, 'status': 'huidig'}]"
305910,10632542,digital image,https://media.rkd.nl/iiif/10632542/full/max/0/default.jpg,[]
306306,10718696,BD/Digital Collection,https://media.rkd.nl/iiif/10718696/full/max/0/default.jpg,[]
307081,10719678,BD/Digital Collection,https://media.rkd.nl/iiif/10719678/full/max/0/default.jpg,[]
307091,10719727,black and white photograph,https://media.rkd.nl/iiif/10719727/full/max/0/default.jpg,[]
307199,10816396,digital image,https://media.rkd.nl/iiif/10816396/full/max/0/default.jpg,[]
307200,10816397,digital image,https://media.rkd.nl/iiif/10816397/full/max/0/default.jpg,[]
307201,10816398,digital image,https://media.rkd.nl/iiif/10816398/full/max/0/default.jpg,[]
307202,10816400,digital image,https://media.rkd.nl/iiif/10816400/full/max/0/default.jpg,[]
307219,10816418,digital image,https://media.rkd.nl/iiif/10816418/full/max/0/default.jpg,[]
307220,10816429,digital image,https://media.rkd.nl/iiif/10816429/full/max/0/default.jpg,[]
308311,10853245,digital image,https://media.rkd.nl/iiif/10853245/full/max/0/default.jpg,[]
308612,10848988,digital color photograph,https://media.rkd.nl/iiif/10848988/full/max/0/default.jpg,"[{'nummer': '208737', 'zekerheid': None, 'beschrijving': None, 'status': 'huidig'}]"
308942,10849007,digital color photograph,https://media.rkd.nl/iiif/10849007/full/max/0/default.jpg,"[{'nummer': '208743', 'zekerheid': None, 'beschrijving': None, 'status': 'huidig'}]"
308944,10849006,digital color photograph,https://media.rkd.nl/iiif/10849006/full/max/0/default.jpg,"[{'nummer': '208744', 'zekerheid': None, 'beschrijving': None, 'status': 'huidig'}]"
308947,10849012,digital color photograph,https://media.rkd.nl/iiif/10849012/full/max/0/default.jpg,"[{'nummer': '208743', 'zekerheid': None, 'beschrijving': None, 'status': 'huidig'}]"
309362,10876825,color reproduction,https://media.rkd.nl/iiif/10876825/full/max/0/default.jpg,[]
310818,10899591,digital image,https://media.rkd.nl/iiif/10899591/full/max/0/default.jpg,[]
311420,10900238,digital color photograph,https://media.rkd.nl/iiif/10900238/full/max/0/default.jpg,[]
311527,10900505,digital color photograph,https://media.rkd.nl/iiif/10900505/full/max/0/default.jpg,[]
311667,10900747,digital image,https://media.rkd.nl/iiif/10900747/full/max/0/default.jpg,[]
311736,10900856,BD/Digital Collection,https://media.rkd.nl/iiif/10900856/full/max/0/default.jpg,[]
311760,10901303,digital color photograph,https://media.rkd.nl/iiif/10901303/full/max/0/default.jpg,[]
311838,10901415,color reproduction,https://media.rkd.nl/iiif/10901415/full/max/0/default.jpg,[]
311838,10901381,digital image,https://media.rkd.nl/iiif/10901381/full/max/0/default.jpg,[]
311850,10901890,BD/Digital Collection,https://media.rkd.nl/iiif/10901890/full/max/0/default.jpg,[]
311850,10901413,BD/Digital Collection,https://media.rkd.nl/iiif/10901413/full/max/0/default.jpg,[]
312038,10901620,BD/Digital Collection,https://media.rkd.nl/iiif/10901620/full/max/0/default.jpg,[]
312130,10901759,digital color photograph,https://media.rkd.nl/iiif/10901759/full/max/0/default.jpg,[]
312473,10902388,digital image,https://media.rkd.nl/iiif/10902388/full/max/0/default.jpg,[]
312473,10902390,digital image,https://media.rkd.nl/iiif/10902390/full/max/0/default.jpg,[]
312823,10902850,BD/Digital Collection,https://media.rkd.nl/iiif/10902850/full/max/0/default.jpg,[]
313864,10904941,BD/Digital Collection,https://media.rkd.nl/iiif/10904941/full/max/0/default.jpg,[]
314122,10905295,BD/Digital Collection,https://media.rkd.nl/iiif/10905295/full/max/0/default.jpg,[]
341523,10999555,digital image,https://media.rkd.nl/iiif/10999555/full/max/0/default.jpg,"[{'nummer': '208839', 'zekerheid': 'mogelijk', 'beschrijving': None, 'status': 'huidig'}]"
342230,11083060,BD/Digital Collection,https://media.rkd.nl/iiif/11083060/full/max/0/default.jpg,[]
342735,11098499,BD/Digital Collection,https://media.rkd.nl/iiif/11098499/full/max/0/default.jpg,[]
342808,11102662,digital image,https://media.rkd.nl/iiif/11102662/full/max/0/default.jpg,[]
343128,11112111,BD/Digital Collection,https://media.rkd.nl/iiif/11112111/full/max/0/default.jpg,[]
343521,11118499,digital image,https://media.rkd.nl/iiif/11118499/full/max/0/default.jpg,[]
343651,11118783,digital image,https://media.rkd.nl/iiif/11118783/full/max/0/default.jpg,[]
346264,11190723,digital image,https://media.rkd.nl/iiif/11190723/full/max/0/default.jpg,[]
346411,11190787,digital color photograph,https://media.rkd.nl/iiif/11190787/full/max/0/default.jpg,[]
346476,11191087,BD/Digital Collection,https://media.rkd.nl/iiif/11191087/full/max/0/default.jpg,[]
